{
  "$schema": "http://json-schema.org/draft-07/schema#",
  "$id": "design.modeling.concept/0.6.0/class/design.modeling.InstanceDefinition/schema.json",
  "title": "design.modeling.InstanceDefinition",
  "type": "object",
  "additionalProperties": false,
  "description": "Used to characterize an instance.",
  "properties": {
    "_id": {
      "type": "string",
      "description": "This is a technical attribute that identifies the instance. It must be unique at the system boundary."
    },
    "name": {
      "type": "string"
    },
    "description": {
      "type": "string"
    },
    "default": {
    },
    "cardinality": {
      "type": "string"
    }
  }
}