{
  "$schema": "http://json-schema.org/draft-07/schema#",
  "$id": "design.component.concept/0.3.0/class/design.component.Component/schema.json",
  "title": "design.component.Component",
  "type": "object",
  "additionalProperties": false,
  "description": "Allows to describe a component from a design point of view.\nA component is simply any consistuent of a system and can be for instance a device.\n",
  "properties": {
    "_id": {
      "type": "string",
      "description": "This is a technical attribute that identifies the instance. It must be unique at the system boundary."
    },
    "name": {
      "type": "string",
      "description": "Name for the component"
    },
    "description": {
      "type": "string",
      "description": "Description for the component"
    }
  }
}