{
  "$schema": "http://json-schema.org/draft-07/schema#",
  "$id": "design.modeling.concept/0.6.0/class/design.modeling.PassThrough/schema.json",
  "title": "design.modeling.PassThrough",
  "type": "object",
  "additionalProperties": false,
  "description": "Used to describe a pass through into the instances graph of a modeling.\nIt consists in describing how to browse and interact with the instances graph through an API.\n",
  "properties": {
    "_id": {
      "type": "string",
      "description": "This is a technical attribute that identifies the instance. It must be unique at the system boundary."
    }
  }
}