{
  "$schema": "http://json-schema.org/draft-07/schema#",
  "$id": "design.c.constants.concept/0.3.0/class/design.c.constants.Implementation/schema.json",
  "title": "design.c.constants.Implementation",
  "type": "object",
  "additionalProperties": false,
  "description": "Allows to generate the class names, attributes name and value, instance identifiers as C defines.",
  "properties": {
    "_id": {
      "type": "string",
      "description": "This is a technical attribute that identifies the instance. It must be unique at the system boundary."
    },
    "galaxy_object_id": {
      "type": "string",
      "description": "Identifier of the Galaxy object in charge of the implementation"
    },
    "generation_path": {
      "type": "string",
      "description": "Relative path of the generated code in the Galaxy object"
    },
    "name": {
      "type": "string",
      "enum": [
        "C Constants Implementation"
      ],
      "description": "Name of the constants implementation"
    },
    "class_name_regexp": {
      "type": "string",
      "description": "Regular expression used to only selected the class with the matching name."
    }
  }
}