{
  "$schema": "http://json-schema.org/draft-07/schema#",
  "$id": "design.iotb.redis.concept/0.7.0/class/design.iotb.redis.command.HsetForInstance/schema.json",
  "title": "design.iotb.redis.command.HsetForInstance",
  "type": "object",
  "additionalProperties": false,
  "description": "Concret class for Hset that brings the value as instance breakdown",
  "properties": {
    "_id": {
      "type": "string",
      "description": "This is a technical attribute that identifies the instance. It must be unique at the system boundary."
    },
    "name": {
      "type": "string",
      "enum": [
        "HSET"
      ],
      "description": "Name of the command"
    },
    "hash": {
      "type": "string"
    },
    "key": {
      "type": "string"
    },
    "value_instance_class": {
      "type": "string"
    },
    "value_instance_values": {
      "type": "object"
    }
  }
}