{
  "$schema": "http://json-schema.org/draft-07/schema#",
  "$id": "design.modeling.concept/0.6.0/class/design.modeling.Procedure/schema.json",
  "title": "design.modeling.Procedure",
  "type": "object",
  "additionalProperties": false,
  "description": "A procedure specifies the behavior of an implementation of functionality in order to:\n\n* Ease simulation\n* Ease implementation\n* Allow code generation \n\nA procedure can execute actions on the FORUM model in order to:\n\n* Create/Delete instances\n* Create/Delete relations between instances \n* Discover objects\n* Read objects\n* Modify values\n* Invoke services\n\nSome examples:\n\n* Add/Remove IO devices\n",
  "properties": {
    "_id": {
      "type": "string",
      "description": "This is a technical attribute that identifies the instance. It must be unique at the system boundary."
    },
    "id": {
      "type": "string",
      "description": "Identifier for the behavior. (This is different from _id which is a technical identifier). This id is an easier way to interact with a Behavior such as in documentation."
    },
    "title": {
      "type": "string",
      "description": "Title for the behavior"
    },
    "description": {
      "type": "string",
      "description": "Description for the behavior"
    }
  }
}