{
  "$schema": "http://json-schema.org/draft-07/schema#",
  "$id": "design.requirement.concept/0.2.0/class/design.requirement.RequirementSet/schema.json",
  "title": "design.requirement.RequirementSet",
  "type": "object",
  "additionalProperties": false,
  "description": "The requirement set contains the list of requirements.",
  "properties": {
    "_id": {
      "type": "string",
      "description": "This is a technical attribute that identifies the instance. It must be unique at the system boundary."
    },
    "name": {
      "type": "string",
      "description": "Name for the procedure set."
    }
  }
}