{
  "$schema": "http://json-schema.org/draft-07/schema#",
  "$id": "design.modeling.concept/0.6.0/class/design.modeling.Scenario/schema.json",
  "title": "design.modeling.Scenario",
  "type": "object",
  "additionalProperties": false,
  "description": "A scenario showcases how to browse and interact with the FORUM model in the context of a use-case. A use-case can be composed of one or several scenarios.\nA scenario can execute actions on the FORUM model in order to :\n\n  * Discover objects\n  * Read objects\n  * Modify values\n  * Invoke services\n\nSome examples: \n\n * Configure the ZigBee network.\n * Enable data publication\n * Read measurement values\n * device identification\n",
  "properties": {
    "_id": {
      "type": "string",
      "description": "This is a technical attribute that identifies the instance. It must be unique at the system boundary."
    },
    "id": {
      "type": "string",
      "description": "Identifier for the scenario. (Do not mix up with _id which is a technical identifier)."
    },
    "title": {
      "type": "string",
      "description": "Title for the scenario"
    },
    "description": {
      "type": "string",
      "description": "Description for the scenario"
    }
  }
}