{
  "$schema": "http://json-schema.org/draft-07/schema#",
  "$id": "design.iotb.forum.mapping_implementation.concept/0.6.0/class/design.iotb.forum.mapping.PdmToIotImplementation/schema.json",
  "title": "design.iotb.forum.mapping.PdmToIotImplementation",
  "type": "object",
  "additionalProperties": false,
  "description": "Allows to generate the PDM mapping implementation for IoT Bridge.",
  "properties": {
    "_id": {
      "type": "string",
      "description": "This is a technical attribute that identifies the instance. It must be unique at the system boundary."
    },
    "galaxy_object_id": {
      "type": "string",
      "description": "Identifier of the Galaxy object in charge of the implementation"
    },
    "generation_path": {
      "type": "string",
      "description": "Relative path of the generated code in the Galaxy object"
    },
    "name": {
      "type": "string",
      "description": "Name of the facet implementation"
    },
    "building_class_regexp": {
      "type": "string",
      "description": "Allows to filter the exported mapping only on the classes that match this regexp"
    },
    "iot_name_regexp": {
      "type": "string",
      "description": "Allows to filter the exported mapping only on the IoT names that match this regexp"
    }
  }
}