{
  "$schema": "http://json-schema.org/draft-07/schema#",
  "$id": "design.requirement.concept/0.2.0/class/design.requirement.FunctionalRequirement/schema.json",
  "title": "design.requirement.FunctionalRequirement",
  "type": "object",
  "additionalProperties": false,
  "description": "Functional Requirement. Customer use-cases and invariants are translated into functional requirements",
  "properties": {
    "_id": {
      "type": "string",
      "description": "This is a technical attribute that identifies the instance. It must be unique at the system boundary."
    },
    "id": {
      "type": "string",
      "description": "Identifier for the requirement. \nThe ID uniquely identifies a Requirement or a Test Case.\nThe ID built according to the following pattern:  <SCOPE>_<TYPE>_<REQ NAME><REQ NUMBER> (ex: FRM_FR_MyReq01)\n"
    },
    "title": {
      "type": "string",
      "description": "Title of requirement. \nThe title is a string that summarizes the Requirement. Especially useful in synthesis tabular reports that allow efficient reviews and where the full statement might not be always convenient.\n"
    },
    "description": {
      "type": "string",
      "description": "Description of the Requirement"
    },
    "maturity": {
      "type": "string",
      "enum": [
        "Draft",
        "Review",
        "Approved",
        "Rejected",
        "Postponed"
      ],
      "description": "The maturity allows managing the progress of Requirements definition more accurately than at document level"
    },
    "priority": {
      "type": "string",
      "enum": [
        "Shall",
        "Should",
        "Nice to have"
      ],
      "description": "The priority allows focusing the project effort on the requirements will the highest priority first. It facilitates the definition of the scope when defining an incremental development plan.\n\n  * Shall: In this document “shall” means that the requirement must be met.\n  * Should: means that there is a significant market advantage to be gained through meeting the requirement, but that the cost must be weighed against the benefit in order to decide whether to honnor or decline the request.\n  * Nice to have: means that the requirement is optional.\n"
    },
    "scope": {
      "type": "string",
      "description": "Scope for the requirement"
    },
    "type": {
      "type": "string",
      "enum": [
        "FR"
      ],
      "description": "Type for the requirement"
    },
    "group": {
      "type": "string",
      "description": "Group for the requirement"
    },
    "origin": {
      "type": "string",
      "description": "Origin for the requirement"
    },
    "risk": {
      "type": "string",
      "description": "The risk level is used to define the development and test strategy. It informs about the technical or environmental impact if the requirement is not covered.\n"
    },
    "critical_to_quality": {
      "type": "string",
      "description": "Identify the requirements that are critical to ensure customer satisfaction."
    },
    "release": {
      "type": "string",
      "description": "Enable to identify the Wave and/or Iteration for which the requirement is applicable."
    },
    "is_leaf": {
      "type": "boolean",
      "description": "True if the requirement is a leaf."
    },
    "version": {
      "type": "string",
      "description": "Version for the requirement"
    }
  }
}