{
  "$schema": "http://json-schema.org/draft-07/schema#",
  "$id": "design.component.concept/0.3.0/class/design.component.Implementation/schema.json",
  "title": "design.component.Implementation",
  "type": "object",
  "additionalProperties": false,
  "properties": {
    "_id": {
      "type": "string",
      "description": "This is a technical attribute that identifies the instance. It must be unique at the system boundary."
    },
    "domain": {
      "type": "string",
      "description": "Optional domain that will be set as metadata to some instances.\nThe exact attribution rule will depend on each specific metadata handler.\n"
    }
  }
}