{
  "$schema": "http://json-schema.org/draft-07/schema#",
  "$id": "design.device_catalog.concept/1.2.0/class/design.device_catalog.Catalog/schema.json",
  "title": "design.device_catalog.Catalog",
  "type": "object",
  "additionalProperties": false,
  "properties": {
    "_id": {
      "type": "string",
      "description": "This is a technical attribute that identifies the instance. It must be unique at the system boundary."
    },
    "name": {
      "type": "string",
      "description": "Name of the catalog"
    }
  }
}