{
  "$schema": "http://json-schema.org/draft-07/schema#",
  "$id": "design.iot.names.reference/0.3.0/class/design.iot.names.Name/schema.json",
  "title": "design.iot.names.Name",
  "type": "object",
  "additionalProperties": false,
  "description": "This class is used to describe a standard name related to the IoT with its description and context.",
  "properties": {
    "_id": {
      "type": "string",
      "description": "This is a technical attribute that identifies the instance. It must be unique at the system boundary."
    },
    "name": {
      "type": "string",
      "description": "Holds the name."
    },
    "description": {
      "type": "string",
      "description": "Description for the name."
    }
  }
}