{
  "$schema": "http://json-schema.org/draft-07/schema#",
  "$id": "design.iotb.redis.concept/0.7.0/class/design.iotb.redis.Script/schema.json",
  "title": "design.iotb.redis.Script",
  "type": "object",
  "additionalProperties": false,
  "description": "Redis script. Made of a list of object command sets.",
  "properties": {
    "_id": {
      "type": "string",
      "description": "This is a technical attribute that identifies the instance. It must be unique at the system boundary."
    }
  }
}