{
  "$schema": "http://json-schema.org/draft-07/schema#",
  "$id": "design.iotb.redis.concept/0.7.0/class/design.iotb.redis.LogicalDatabaseDevice/schema.json",
  "title": "design.iotb.redis.LogicalDatabaseDevice",
  "type": "object",
  "additionalProperties": false,
  "description": "Database for a device",
  "properties": {
    "_id": {
      "type": "string",
      "description": "This is a technical attribute that identifies the instance. It must be unique at the system boundary."
    },
    "name": {
      "type": "string",
      "description": "Name of the logical database."
    },
    "description": {
      "type": "string",
      "description": "Description for the logical database."
    },
    "index": {
      "type": "number",
      "description": "Index for the logical database."
    },
    "device_name": {
      "type": "string",
      "description": "Name of the device the database is for."
    },
    "device_version": {
      "type": "string",
      "description": "Version of the device the database is for."
    },
    "product_id": {
      "type": "string",
      "description": "Identification of the device."
    },
    "modeling_package_id": {
      "type": "string",
      "description": "Identification of the modeling package of the device."
    }
  }
}