{
  "$schema": "http://json-schema.org/draft-07/schema#",
  "$id": "design.iotb.forum.device_implementation.concept/0.5.0/class/design.iotb.forum.device.Implementation/schema.json",
  "title": "design.iotb.forum.device.Implementation",
  "type": "object",
  "additionalProperties": false,
  "properties": {
    "_id": {
      "type": "string",
      "description": "This is a technical attribute that identifies the instance. It must be unique at the system boundary."
    },
    "galaxy_object_id": {
      "type": "string",
      "description": "Identifier of the Galaxy object in charge of the implementation"
    },
    "generation_path": {
      "type": "string",
      "description": "Relative path of the generated code in the Galaxy object"
    },
    "name": {
      "type": "string",
      "description": "Name of the facet implementation"
    },
    "description": {
      "type": "string",
      "description": "Description for the implementation"
    },
    "default_factory": {
      "type": "boolean",
      "description": "Indicate if a default factory will be used in the implementation"
    },
    "factory_selection_criteria": {
      "type": "string",
      "enum": [
        "ProductId",
        "ModelingPackageId"
      ],
      "description": "Indicate how the associated factory will be used to identify the device to generate"
    }
  }
}