{
  "$schema": "http://json-schema.org/draft-07/schema#",
  "$id": "design.instance_id_decoration.concept/0.2.0/class/design.instance_id_decoration.RuleSet/schema.json",
  "title": "design.instance_id_decoration.RuleSet",
  "type": "object",
  "additionalProperties": false,
  "description": "Class to define a set of decoration rules",
  "properties": {
    "_id": {
      "type": "string",
      "description": "This is a technical attribute that identifies the instance. It must be unique at the system boundary."
    }
  }
}