{
  "$schema": "http://json-schema.org/draft-07/schema#",
  "$id": "design.device_catalog.concept/1.2.0/class/design.device_catalog.Device/schema.json",
  "title": "design.device_catalog.Device",
  "type": "object",
  "additionalProperties": false,
  "properties": {
    "_id": {
      "type": "string",
      "description": "This is a technical attribute that identifies the instance. It must be unique at the system boundary."
    },
    "category": {
      "type": "string",
      "enum": [
        "No category",
        "Power Meter",
        "Power Quality",
        "Power Supply",
        "Protection",
        "Gateway",
        "I/O",
        "System",
        "Control",
        "Sample",
        "Template"
      ]
    },
    "type": {
      "type": "string",
      "enum": [
        "Modbus",
        "ZigBee",
        "IoDevice",
        "MicrologicModule"
      ],
      "description": "Type of the device"
    },
    "range": {
      "type": "string"
    },
    "name": {
      "type": "string"
    },
    "modeling_package_id": {
      "type": "string",
      "description": "Identifier of the modeling package of the device.\n"
    }
  }
}