{
  "$schema": "http://json-schema.org/draft-07/schema#",
  "$id": "design.component.concept/0.3.0/class/design.component.Interface/schema.json",
  "title": "design.component.Interface",
  "type": "object",
  "additionalProperties": false,
  "properties": {
    "_id": {
      "type": "string",
      "description": "This is a technical attribute that identifies the instance. It must be unique at the system boundary."
    },
    "name": {
      "type": "string",
      "description": "Name for the interface"
    },
    "description": {
      "type": "string",
      "description": "Description for the interface"
    }
  }
}