{
  "$schema": "http://json-schema.org/draft-07/schema#",
  "$id": "design.modeling.concept/0.6.0/class/design.modeling.Modeling/schema.json",
  "title": "design.modeling.Modeling",
  "type": "object",
  "additionalProperties": false,
  "description": "Contains a consistent modeling made of concepts and instances.",
  "properties": {
    "_id": {
      "type": "string",
      "description": "This is a technical attribute that identifies the instance. It must be unique at the system boundary."
    }
  }
}