{
  "$schema": "http://json-schema.org/draft-07/schema#",
  "$id": "design.modeling.concept/0.6.0/class/design.modeling.InstanceAttributeDefinition/schema.json",
  "title": "design.modeling.InstanceAttributeDefinition",
  "type": "object",
  "additionalProperties": false,
  "description": "Used to characterize an attribute.",
  "properties": {
    "_id": {
      "type": "string",
      "description": "This is a technical attribute that identifies the instance. It must be unique at the system boundary."
    },
    "name": {
      "type": "string",
      "description": "Targeted attribute name."
    },
    "value": {
      "description": "Expected value."
    }
  }
}