{
  "$schema": "http://json-schema.org/draft-07/schema#",
  "$id": "design.gx.arch.concept/0.3.0/class/design.gx.arch.Interface/schema.json",
  "title": "design.gx.arch.Interface",
  "type": "object",
  "additionalProperties": false,
  "properties": {
    "_id": {
      "type": "string",
      "description": "This is a technical attribute that identifies the instance. It must be unique at the system boundary."
    },
    "id": {
      "type": "string",
      "description": ""
    },
    "name": {
      "type": "string",
      "description": ""
    },
    "description": {
      "type": "string",
      "description": "Description of the object. It has to be precise and concise."
    },
    "tags": {
      "type": "array",
      "items": {
        "type": "string"
      },
      "description": "Tags associated to the objects (e.g. abstract, ...)"
    },
    "hierarchy": {
      "type": "string",
      "description": "Hierarchy path for the object (e.g. communication/tcp)"
    },
    "status": {
      "type": "string",
      "enum": [
        "draft",
        "stable",
        "unstable",
        "deprecated"
      ],
      "description": "Status on the object. Possible values are:\n- draft : the work on this object is in progress.\n- stable : this object is in a satisfying state and can be delivered.\n- unstable : this object is known to be problematic and needs to be fixed.\n- deprecated : this object should no more be used and deletion is planned.\n"
    },
    "path": {
      "type": "string",
      "description": "Absolute path to object on file system"
    },
    "license": {
      "type": "string",
      "description": "License for the software. 'Proprietary' for Schneider Electric code"
    },
    "vendor": {
      "type": "string",
      "description": "Provider of the software."
    },
    "language": {
      "type": "string",
      "enum": [
        "C++",
        "C++03",
        "C++11",
        "C",
        "C99",
        "C11",
        "Java",
        "Ruby",
        "Python",
        "Lua",
        "Other"
      ],
      "description": "The coding language used for the software"
    },
    "framework": {
      "type": "string",
      "description": ""
    },
    "class_name": {
      "type": "string",
      "description": ""
    },
    "interface_type": {
      "type": "string",
      "enum": [
        "meta",
        "code/generic",
        "code/service",
        "message"
      ],
      "description": "Used to specify the technical type of the interface:\n\n* `meta` for meta interface. A meta interface is agnotic from the technical side.\n   It is used mainly used to share the same semantic between several technical interface through a specialization relationship.\n* `code/generic` for generic coding API.\n* `code/service` for service based API. Required and provided by components and allows dependency injection.\n* `message` for message-based interfaces.\n   The transport, the serialization, the synchronization and the topology are free and depend on each interface.\n"
    }
  }
}