{
  "$schema": "http://json-schema.org/draft-07/schema#",
  "$id": "design.instance_id_decoration.concept/0.2.0/class/design.instance_id_decoration.ScopeRule/schema.json",
  "title": "design.instance_id_decoration.ScopeRule",
  "type": "object",
  "additionalProperties": false,
  "description": "Class used to scope an identifier by adding a prefix.\nA colon (\":\") will be added between the scope and identifier.\n",
  "properties": {
    "_id": {
      "type": "string",
      "description": "This is a technical attribute that identifies the instance. It must be unique at the system boundary."
    },
    "scope": {
      "type": "string",
      "description": "Scope to be applied."
    },
    "scope_id": {
      "type": "boolean",
      "description": "Tell if the identifier must be prefixed by the scope."
    },
    "metadata_scope_id": {
      "type": "string",
      "enum": [
        "scope_id"
      ],
      "description": "Name of the metadata that indicates if the identifier has to be scoped"
    },
    "metadata_scope": {
      "type": "string",
      "description": "Name of the metadata to be set with the scope of the object."
    }
  }
}