{
  "$schema": "http://json-schema.org/draft-07/schema#",
  "$id": "design.modeling.concept/0.6.0/class/design.modeling.InstanceGraphApi/schema.json",
  "title": "design.modeling.InstanceGraphApi",
  "type": "object",
  "additionalProperties": false,
  "description": "Holds the API use to write scenario where instances needs to be browsed and modified.\n",
  "properties": {
    "_id": {
      "type": "string",
      "description": "This is a technical attribute that identifies the instance. It must be unique at the system boundary."
    }
  }
}