{
  "$schema": "http://json-schema.org/draft-07/schema#",
  "$id": "design.iotb.redis.concept/0.7.0/class/design.iotb.redis.LogicalDatabaseSet/schema.json",
  "title": "design.iotb.redis.LogicalDatabaseSet",
  "type": "object",
  "additionalProperties": false,
  "description": "Used to hold a set of logical databases.",
  "properties": {
    "_id": {
      "type": "string",
      "description": "This is a technical attribute that identifies the instance. It must be unique at the system boundary."
    },
    "name": {
      "type": "string",
      "description": "Name of the database set"
    }
  }
}