{
  "$schema": "http://json-schema.org/draft-07/schema#",
  "$id": "design.iotb.forum.device_implementation.concept/0.5.0/class/design.iotb.forum.device.selection.Group/schema.json",
  "title": "design.iotb.forum.device.selection.Group",
  "type": "object",
  "additionalProperties": false,
  "description": "Allows to select a group of devices using the available devices in the Device Catalog.",
  "properties": {
    "_id": {
      "type": "string",
      "description": "This is a technical attribute that identifies the instance. It must be unique at the system boundary."
    },
    "name": {
      "type": "string",
      "description": "Name for the selection"
    },
    "description": {
      "type": "string",
      "description": "Description for the selection"
    }
  }
}