{
  "$schema": "http://json-schema.org/draft-07/schema#",
  "$id": "design.iotb.forum.core_implementation.concept/0.4.0/class/design.iotb.forum.core.Implementation/schema.json",
  "title": "design.iotb.forum.core.Implementation",
  "type": "object",
  "additionalProperties": false,
  "properties": {
    "_id": {
      "type": "string",
      "description": "This is a technical attribute that identifies the instance. It must be unique at the system boundary."
    },
    "galaxy_object_id": {
      "type": "string",
      "description": "Identifier of the Galaxy object in charge of the implementation"
    },
    "generation_path": {
      "type": "string",
      "description": "Relative path of the generated code in the Galaxy object"
    },
    "name": {
      "type": "string",
      "description": "Name of the facet implementation"
    }
  }
}