{
  "$schema": "http://json-schema.org/draft-07/schema#",
  "$id": "design.gx.arch.concept/0.3.0/class/design.gx.arch.Resource/schema.json",
  "title": "design.gx.arch.Resource",
  "type": "object",
  "additionalProperties": false,
  "properties": {
    "_id": {
      "type": "string",
      "description": "This is a technical attribute that identifies the instance. It must be unique at the system boundary."
    },
    "id": {
      "type": "string",
      "description": ""
    },
    "name": {
      "type": "string",
      "description": ""
    },
    "description": {
      "type": "string",
      "description": "Description of the object. It has to be precise and concise."
    },
    "tags": {
      "type": "array",
      "items": {
        "type": "string"
      },
      "description": "Tags associated to the objects (e.g. abstract, ...)"
    },
    "hierarchy": {
      "type": "string",
      "description": "Hierarchy path for the object (e.g. communication/tcp)"
    },
    "status": {
      "type": "string",
      "enum": [
        "draft",
        "stable",
        "unstable",
        "deprecated"
      ],
      "description": "Status on the object. Possible values are:\n- draft : the work on this object is in progress.\n- stable : this object is in a satisfying state and can be delivered.\n- unstable : this object is known to be problematic and needs to be fixed.\n- deprecated : this object should no more be used and deletion is planned.\n"
    },
    "path": {
      "type": "string",
      "description": "Absolute path to object on file system"
    },
    "resource_type": {
      "type": "string",
      "enum": [
        "file_system",
        "partition_table",
        "database"
      ],
      "description": "Used to specify the type of the resource:\n\n* `file_system` for file system.\n* `partition_table` for partition table.\n* `database`.\n"
    }
  }
}