{
  "$schema": "http://json-schema.org/draft-07/schema#",
  "$id": "design.iotb.redis.concept/0.7.0/class/design.iotb.redis.LogicalDatabaseScoped/schema.json",
  "title": "design.iotb.redis.LogicalDatabaseScoped",
  "type": "object",
  "additionalProperties": false,
  "description": "Database restricted to a given object identifier scope.",
  "properties": {
    "_id": {
      "type": "string",
      "description": "This is a technical attribute that identifies the instance. It must be unique at the system boundary."
    },
    "name": {
      "type": "string",
      "description": "Name of the logical database."
    },
    "description": {
      "type": "string",
      "description": "Description for the logical database."
    },
    "index": {
      "type": "number",
      "description": "Index for the logical database."
    }
  }
}