{
  "$schema": "http://json-schema.org/draft-07/schema#",
  "$id": "design.modeling.concept/0.6.0/class/design.modeling.ProcedureSet/schema.json",
  "title": "design.modeling.ProcedureSet",
  "type": "object",
  "additionalProperties": false,
  "description": "A procedure set contains a list of procedures.",
  "properties": {
    "_id": {
      "type": "string",
      "description": "This is a technical attribute that identifies the instance. It must be unique at the system boundary."
    },
    "name": {
      "type": "string",
      "description": "Name for the procedure set."
    }
  }
}