{
  "$schema": "http://json-schema.org/draft-07/schema#",
  "$id": "design.iotb.redis.concept/0.7.0/class/design.iotb.redis.ObjectCommandSet/schema.json",
  "title": "design.iotb.redis.ObjectCommandSet",
  "type": "object",
  "additionalProperties": false,
  "description": "This class brings a set of command for an object.\nIt deals with the readonly part, the variable part, and the incoming/outgoing relations.\n",
  "properties": {
    "_id": {
      "type": "string",
      "description": "This is a technical attribute that identifies the instance. It must be unique at the system boundary."
    },
    "readonly": {
      "type": "object",
      "additionalProperties": false,
      "description": "Contains a part of the string representation of the Json object linked to the forum Id. This representation only contains invariants attributes (including const/read-only at Runtime)",
      "properties": {
        "_id": {
          "type": "string",
          "description": "This is a technical attribute that identifies the instance. It must be unique at the system boundary."
        },
        "name": {
          "type": "string",
          "enum": [
            "HSET"
          ],
          "description": "Name of the command"
        },
        "hash": {
          "type": "string"
        },
        "key": {
          "type": "string"
        },
        "value_instance_class": {
          "type": "string"
        },
        "value_instance_values": {
          "type": "object"
        }
      }
    },
    "variable": {
      "type": "object",
      "additionalProperties": false,
      "description": "Contains attributes of the node that are read-write.",
      "properties": {
        "_id": {
          "type": "string",
          "description": "This is a technical attribute that identifies the instance. It must be unique at the system boundary."
        },
        "name": {
          "type": "string",
          "enum": [
            "HSET"
          ],
          "description": "Name of the command"
        },
        "hash": {
          "type": "string"
        },
        "key": {
          "type": "string"
        },
        "value_instance_class": {
          "type": "string"
        },
        "value_instance_values": {
          "type": "object"
        }
      }
    },
    "in_rel": {
      "type": "object",
      "additionalProperties": false,
      "description": "Contains the string representation of the Json data describing incoming relations to the Forum Id object.",
      "properties": {
        "_id": {
          "type": "string",
          "description": "This is a technical attribute that identifies the instance. It must be unique at the system boundary."
        },
        "name": {
          "type": "string",
          "enum": [
            "HSET"
          ],
          "description": "Name of the command"
        },
        "hash": {
          "type": "string"
        },
        "key": {
          "type": "string"
        },
        "value_instance_class": {
          "type": "string"
        },
        "value_instance_values": {
          "type": "object"
        }
      }
    },
    "out_rel": {
      "type": "object",
      "additionalProperties": false,
      "description": "Contains the string representation of the Json data describing outgoing relations from the Forum Id object.",
      "properties": {
        "_id": {
          "type": "string",
          "description": "This is a technical attribute that identifies the instance. It must be unique at the system boundary."
        },
        "name": {
          "type": "string",
          "enum": [
            "HSET"
          ],
          "description": "Name of the command"
        },
        "hash": {
          "type": "string"
        },
        "key": {
          "type": "string"
        },
        "value_instance_class": {
          "type": "string"
        },
        "value_instance_values": {
          "type": "object"
        }
      }
    }
  }
}