{
  "$schema": "http://json-schema.org/draft-07/schema#",
  "$id": "dictionary.measurement.concept/0.8.0/class/dic.meas.diagnostic.Category/schema.json",
  "title": "dic.meas.diagnostic.Category",
  "type": "object",
  "additionalProperties": false,
  "properties": {
    "_id": {
      "type": "string",
      "description": "This is a technical attribute that identifies the instance. It must be unique at the system boundary."
    },
    "value": {
      "type": "string",
      "enum": [
        "InternalTemperature"
      ]
    },
    "description": {
      "type": "string"
    }
  }
}