{
  "$schema": "http://json-schema.org/draft-07/schema#",
  "$id": "dictionary.measurement.concept/0.8.0/class/dic.meas.electrical.PowerType/schema.json",
  "title": "dic.meas.electrical.PowerType",
  "type": "object",
  "additionalProperties": false,
  "description": "Class for the power type of a power or energy(calculated with the corresponding power)",
  "properties": {
    "_id": {
      "type": "string",
      "description": "This is a technical attribute that identifies the instance. It must be unique at the system boundary."
    },
    "value": {
      "type": "string",
      "enum": [
        "Active",
        "Reactive",
        "Apparent"
      ]
    }
  }
}