{
  "$schema": "http://json-schema.org/draft-07/schema#",
  "$id": "dictionary.unit.concept/0.1.0/class/dic.unit.Conversion/schema.json",
  "title": "dic.unit.Conversion",
  "type": "object",
  "additionalProperties": false,
  "description": "A conversion allows to express how to convert a value from a source unit to a target unit\nusing a factor and a offset.\n",
  "properties": {
    "_id": {
      "type": "string",
      "description": "This is a technical attribute that identifies the instance. It must be unique at the system boundary."
    },
    "factor": {
      "type": "number",
      "description": "Factor for the conversion."
    },
    "offset": {
      "type": "number",
      "description": "Offset for the conversion."
    }
  }
}