{
  "$schema": "http://json-schema.org/draft-07/schema#",
  "$id": "dictionary.measurement.concept/0.8.0/class/dic.meas.electrical.ElectricalCalculationMethod/schema.json",
  "title": "dic.meas.electrical.ElectricalCalculationMethod",
  "type": "object",
  "additionalProperties": false,
  "description": "Class for the calculation method of an electrical measurement",
  "properties": {
    "_id": {
      "type": "string",
      "description": "This is a technical attribute that identifies the instance. It must be unique at the system boundary."
    },
    "value": {
      "type": "string",
      "enum": [
        "Demand",
        "DemandMax",
        "DemandPredicted",
        "DemandPresent",
        "Fundamental",
        "FundamentalMax",
        "FundamentalMin",
        "Predicted",
        "Rms",
        "RmsMax",
        "RmsMin",
        "RmsThd",
        "RmsThdMin",
        "RmsThdMax",
        "FundThd",
        "FundThdMin",
        "FundThdMax"
      ]
    }
  }
}