{
  "$schema": "http://json-schema.org/draft-07/schema#",
  "$id": "dictionary.unit.concept/0.1.0/class/dic.unit.Multiplier/schema.json",
  "title": "dic.unit.Multiplier",
  "type": "object",
  "additionalProperties": false,
  "description": "A multiplier indicates the factor to be applied\nto a value in order to set it for the base unit.\n",
  "properties": {
    "_id": {
      "type": "string",
      "description": "This is a technical attribute that identifies the instance. It must be unique at the system boundary."
    },
    "name": {
      "type": "string",
      "description": "Human readable name for the multiplier."
    },
    "symbol": {
      "type": "string",
      "description": "Standard symbol for the multiplier."
    },
    "pow": {
      "type": "number",
      "description": "Power of 10 of the multiplier."
    }
  }
}