{
  "$schema": "http://json-schema.org/draft-07/schema#",
  "$id": "dictionary.measurement.concept/0.8.0/class/dic.meas.electrical.ElectricalMeasurement/schema.json",
  "title": "dic.meas.electrical.ElectricalMeasurement",
  "type": "object",
  "additionalProperties": false,
  "description": "Class for electrical measurement",
  "properties": {
    "_id": {
      "type": "string",
      "description": "This is a technical attribute that identifies the instance. It must be unique at the system boundary."
    },
    "description": {
      "type": "string"
    }
  }
}