{
  "$schema": "http://json-schema.org/draft-07/schema#",
  "$id": "dictionary.constraint.concept/0.1.0/class/dic.constraint.DataConstraint/schema.json",
  "title": "dic.constraint.DataConstraint",
  "type": "object",
  "additionalProperties": false,
  "description": "Class for constraint on data",
  "properties": {
    "_id": {
      "type": "string",
      "description": "This is a technical attribute that identifies the instance. It must be unique at the system boundary."
    },
    "description": {
      "type": "string"
    }
  }
}