{
  "$schema": "http://json-schema.org/draft-07/schema#",
  "$id": "dictionary.measurement.concept/0.8.0/class/dic.meas.electrical.MeasurementList/schema.json",
  "title": "dic.meas.electrical.MeasurementList",
  "type": "object",
  "additionalProperties": false,
  "description": "Allows to group all electrical measurement in a single list",
  "properties": {
    "_id": {
      "type": "string",
      "description": "This is a technical attribute that identifies the instance. It must be unique at the system boundary."
    }
  }
}