{
  "$schema": "http://json-schema.org/draft-07/schema#",
  "$id": "dictionary.unit.concept/0.1.0/class/dic.unit.Unit/schema.json",
  "title": "dic.unit.Unit",
  "type": "object",
  "additionalProperties": false,
  "description": "The top class for units.",
  "properties": {
    "_id": {
      "type": "string",
      "description": "This is a technical attribute that identifies the instance. It must be unique at the system boundary."
    },
    "type": {
      "type": "string",
      "description": "The type is the concatenation of the multiplier and the symbol of the base unit."
    }
  }
}