{
  "$schema": "http://json-schema.org/draft-07/schema#",
  "$id": "dictionary.measurement.concept/0.8.0/class/dic.meas.electrical.Source/schema.json",
  "title": "dic.meas.electrical.Source",
  "type": "object",
  "additionalProperties": false,
  "description": "Class for the source of an electrical measurement",
  "properties": {
    "_id": {
      "type": "string",
      "description": "This is a technical attribute that identifies the instance. It must be unique at the system boundary."
    },
    "value": {
      "type": "string",
      "enum": [
        "Mono",
        "Neut",
        "PhsA",
        "PhsAB",
        "PhsAN",
        "PhsB",
        "PhsBC",
        "PhsBN",
        "PhsC",
        "PhsCA",
        "PhsCN",
        "Ground",
        "EarthLeakage",
        "PhsToPhs",
        "PhsToNeut"
      ]
    }
  }
}