{
  "$schema": "http://json-schema.org/draft-07/schema#",
  "$id": "dictionary.measurement.concept/0.8.0/class/dic.meas.environmental.Category/schema.json",
  "title": "dic.meas.environmental.Category",
  "type": "object",
  "additionalProperties": false,
  "properties": {
    "_id": {
      "type": "string",
      "description": "This is a technical attribute that identifies the instance. It must be unique at the system boundary."
    },
    "value": {
      "type": "string",
      "enum": [
        "Temperature",
        "Humidity",
        "Co2"
      ]
    },
    "description": {
      "type": "string"
    }
  }
}