{
  "$schema": "http://json-schema.org/draft-07/schema#",
  "$id": "dictionary.measurement.concept/0.8.0/class/dic.meas.electrical.ElectricalFlow/schema.json",
  "title": "dic.meas.electrical.ElectricalFlow",
  "type": "object",
  "additionalProperties": false,
  "description": "Used to defines the electrical flow direction.",
  "properties": {
    "_id": {
      "type": "string",
      "description": "This is a technical attribute that identifies the instance. It must be unique at the system boundary."
    },
    "value": {
      "type": "string",
      "enum": [
        "Delivered",
        "Delivered-Received",
        "Delivered+Received",
        "Received"
      ]
    }
  }
}