{
  "$schema": "http://json-schema.org/draft-07/schema#",
  "$id": "dictionary.measurement.concept/0.8.0/class/dic.meas.electrical.CounterType/schema.json",
  "title": "dic.meas.electrical.CounterType",
  "type": "object",
  "additionalProperties": false,
  "description": "Class for the counter type of an energy:\n\n  * Resettable: The counter can be reset or set to a specific value. Synonym: partial.\n  * Non-Resettable: The counter cannot be reset during device lifetime by the customer (even with a reset to factory setting operation). Schneider may have the ability to reset these counters using appropriate permissions.\n",
  "properties": {
    "_id": {
      "type": "string",
      "description": "This is a technical attribute that identifies the instance. It must be unique at the system boundary."
    },
    "value": {
      "type": "string",
      "enum": [
        "Resettable",
        "NonResettable"
      ]
    }
  }
}