{
  "$schema": "http://json-schema.org/draft-07/schema#",
  "$id": "dictionary.measurement.concept/0.8.0/class/dic.meas.electrical.Operation/schema.json",
  "title": "dic.meas.electrical.Operation",
  "type": "object",
  "additionalProperties": false,
  "description": "Class for the operation of an electrical measurement",
  "properties": {
    "_id": {
      "type": "string",
      "description": "This is a technical attribute that identifies the instance. It must be unique at the system boundary."
    },
    "value": {
      "type": "string",
      "enum": [
        "Total",
        "Minimum",
        "Maximum",
        "Average",
        "PhaseName"
      ]
    }
  }
}