{
  "$schema": "http://json-schema.org/draft-07/schema#",
  "$id": "dictionary.unit.concept/0.1.0/class/dic.unit.UnitBase/schema.json",
  "title": "dic.unit.UnitBase",
  "type": "object",
  "additionalProperties": false,
  "description": "Base units are used to represent units in their simplest form without any multiplier.",
  "properties": {
    "_id": {
      "type": "string",
      "description": "This is a technical attribute that identifies the instance. It must be unique at the system boundary."
    },
    "name": {
      "type": "string",
      "description": "Human readable name for the unit."
    },
    "symbol": {
      "type": "string",
      "description": "Standard symbol from the Internal System of Units"
    },
    "is_standard": {
      "type": "boolean",
      "description": "Indicate if the unit is standard."
    },
    "quantity": {
      "type": "string",
      "description": "Physical property of the material that can be quantified by measurement."
    }
  }
}