{
  "$schema": "http://json-schema.org/draft-07/schema#",
  "$id": "dictionary.common.concept/0.3.0/class/dic.common.DataType/schema.json",
  "title": "dic.common.DataType",
  "type": "object",
  "additionalProperties": false,
  "properties": {
    "_id": {
      "type": "string",
      "description": "This is a technical attribute that identifies the instance. It must be unique at the system boundary."
    },
    "value": {
      "type": "string",
      "enum": [
        "Float",
        "Integer",
        "String",
        "Boolean",
        "Datetime"
      ]
    }
  }
}