{
  "$schema": "http://json-schema.org/draft-07/schema#",
  "$id": "iot.data_sampling.concept/0.3.0/class/iot.data_sampling.DissociateGroupServiceParameters/schema.json",
  "title": "iot.data_sampling.DissociateGroupServiceParameters",
  "type": "object",
  "additionalProperties": false,
  "description": "Parameters for Dissociate Group Service",
  "properties": {
    "_id": {
      "type": "string",
      "description": "This is a technical attribute that identifies the instance. It must be unique at the system boundary."
    },
    "element_id": {
      "type": "string",
      "description": "Id of the FORUM element to sample"
    }
  }
}