{
  "$schema": "http://json-schema.org/draft-07/schema#",
  "$id": "iot.io_block.concept/0.10.0/class/iot.io_block.DigitalOutputPinSettingsElements/schema.json",
  "title": "iot.io_block.DigitalOutputPinSettingsElements",
  "type": "object",
  "additionalProperties": false,
  "description": "IO Block Pin Digital Pin Output Settings elements.",
  "properties": {
    "_id": {
      "type": "string",
      "description": "This is a technical attribute that identifies the instance. It must be unique at the system boundary."
    },
    "pin_mode": {
      "type": "object",
      "additionalProperties": false,
      "description": "The pin mode allows to configure how the pin behaves. There is 3 types of pin mode :\n\n* The *status* mode (contactor): A contactor energizes the load while applying a constant voltage and when this voltage is removed the status will change to Low.\n** For an input pin: It monitors the digital signal. A status is associated to each value of the signal (*Low*, *High*).\n** For an output pin: The output signal changes from *Low to High* or *High to Low* every time the status need to change.\n* The *impulse relay* (relay): It uses a pulse to move the switch, then stays in position.\n** For an input pin: At each received pulse, the associated status is toggle.\n** For an output pin: A pulse is emitted every time the status need to change.\n* The *pulse* mode (pulse meter):\n** For an input pin: The pin count the number of pulse received. This number is used to calculated the associated measurement according to its settings (pulse weight, offset …​).\n** For an output pin: The output pin send a pulse according to a monitored measurement (Active energy delivered for example).\n",
      "properties": {
        "_id": {
          "type": "string",
          "description": "This is a technical attribute that identifies the instance. It must be unique at the system boundary."
        },
        "name": {
          "type": "string",
          "enum": [
            "IoBlock.PinMode"
          ],
          "description": "This name brings the semantic for the Element.\nEach name brings a specific and unique semantic.\nEach name is unique classwise.\nTwo instances with the same name have the same semantic.\n"
        },
        "value": {
          "type": "string",
          "description": "Value of the element"
        },
        "mode": {
          "type": "string",
          "enum": [
            "Rw"
          ],
          "description": "Mode of the value Ro=ReadOnly Rw=ReadWrite"
        },
        "locked": {
          "type": "boolean",
          "description": "True if the value can't be modified"
        },
        "enum": {
          "type": "array",
          "items": {
            "type": "string",
            "enum": [
              "Pulse",
              "Status",
              "ImpulseRelay"
            ]
          },
          "description": "Collection of all possible values for the \"value\" attribute"
        }
      }
    },
    "pulse_width": {
      "type": "object",
      "additionalProperties": false,
      "description": "Expressed in milliseconds.\nAllows to set the duration of a pulse.\nIn status mode, this setting is not taken into account.\n",
      "properties": {
        "_id": {
          "type": "string",
          "description": "This is a technical attribute that identifies the instance. It must be unique at the system boundary."
        },
        "name": {
          "type": "string",
          "enum": [
            "IoBlock.PulseWidth"
          ],
          "description": "This name brings the semantic for the Element.\nEach name brings a specific and unique semantic.\nEach name is unique classwise.\nTwo instances with the same name have the same semantic.\n"
        },
        "value": {
          "type": "number",
          "description": "Value of the element"
        },
        "mode": {
          "type": "string",
          "enum": [
            "Rw"
          ],
          "description": "Mode of the value Ro=ReadOnly Rw=ReadWrite"
        },
        "locked": {
          "type": "boolean",
          "description": "True if the value can't be modified"
        },
        "min": {
          "type": "number",
          "description": "Used to specify the minimum for a numerical value. Interval of range is: [min, max]."
        },
        "max": {
          "type": "number",
          "description": "Used to specify the maximum for a numerical value. Interval of range is: [min, max]."
        },
        "unit": {
          "type": "string",
          "enum": [
            "ms"
          ]
        },
        "enum": {
          "type": "array",
          "items": {
            "type": "number"
          }
        },
        "step": {
          "type": "number"
        }
      }
    }
  }
}