{
  "$schema": "http://json-schema.org/draft-07/schema#",
  "$id": "iot.data_publication.concept/0.2.0/class/iot.data_publication.Information/schema.json",
  "title": "iot.data_publication.Information",
  "type": "object",
  "additionalProperties": false,
  "description": "Information about the publication. Either started or stopped.",
  "properties": {
    "_id": {
      "type": "string",
      "description": "This is a technical attribute that identifies the instance. It must be unique at the system boundary."
    },
    "name": {
      "type": "string",
      "enum": [
        "DataPublication.Information"
      ],
      "description": "This name brings the semantic for the Element.\nEach name brings a specific and unique semantic.\nEach name is unique classwise.\nTwo instances with the same name have the same semantic.\n"
    },
    "value": {
      "type": "string",
      "enum": [
        "Stopped",
        "Started"
      ],
      "description": "Value of the element"
    },
    "mode": {
      "type": "string",
      "enum": [
        "Ro"
      ],
      "description": "Mode of the value Ro=ReadOnly Rw=ReadWrite"
    }
  }
}