{
  "$schema": "http://json-schema.org/draft-07/schema#",
  "$id": "iot.modbus.concept/0.12.0/class/iot.modbus.serial.BaudRate/schema.json",
  "title": "iot.modbus.serial.BaudRate",
  "type": "object",
  "additionalProperties": false,
  "description": "Defines the speed of the serial line.",
  "properties": {
    "_id": {
      "type": "string",
      "description": "This is a technical attribute that identifies the instance. It must be unique at the system boundary."
    },
    "name": {
      "type": "string",
      "enum": [
        "ModbusSerial.BaudRate"
      ],
      "description": "This name brings the semantic for the Element.\nEach name brings a specific and unique semantic.\nEach name is unique classwise.\nTwo instances with the same name have the same semantic.\n"
    },
    "value": {
      "type": "number",
      "description": "Value of the element"
    },
    "mode": {
      "type": "string",
      "enum": [
        "Rw"
      ],
      "description": "Mode of the value Ro=ReadOnly Rw=ReadWrite"
    },
    "locked": {
      "type": "boolean",
      "description": "True if the value can't be modified"
    },
    "enum": {
      "type": "array",
      "items": {
        "type": "number",
        "enum": [
          1200,
          4800,
          9600,
          19200,
          38400,
          57600,
          115200
        ]
      },
      "description": "Collection of all possible values for the \"value\" attribute"
    },
    "unit": {
      "type": "string",
      "enum": [
        "Bd"
      ]
    }
  }
}