{
  "$schema": "http://json-schema.org/draft-07/schema#",
  "$id": "iot.base.concept/0.15.6/class/iot.base.synthesis.NameMappingElement/schema.json",
  "title": "iot.base.synthesis.NameMappingElement",
  "type": "object",
  "additionalProperties": false,
  "description": "Allows to map an IoT name to a specific object.\n\nNOTE: This class does not respect the IoT base pattern.\n      Its structure allows more compacity which is necessary regarding the amount of information it may bring.\n",
  "properties": {
    "_id": {
      "type": "string",
      "description": "This is a technical attribute that identifies the instance. It must be unique at the system boundary."
    },
    "name": {
      "type": "string",
      "description": "Specify the IoT name to be mapped.\nThis corresponds of the `name` attribute present in every IoT element.\n"
    },
    "id": {
      "type": "string",
      "description": "Specify the object identifier which the name is mapped to.\nThe identifier of an object is brought by its `_id` attribute.\n"
    },
    "access": {
      "type": "string",
      "enum": [
        "data",
        "invocation"
      ],
      "description": "Specify the type of access to the object:\n\n* `data`: The object holds data that can be read and written.\n* `invocation`: The object brings a service that can be invoked.\n"
    }
  }
}