{
  "$schema": "http://json-schema.org/draft-07/schema#",
  "$id": "iot.networking.concept/0.6.0/class/iot.networking.ConfigurationManagementService/schema.json",
  "title": "iot.networking.ConfigurationManagementService",
  "type": "object",
  "additionalProperties": false,
  "description": "Service to manage network Configuration. \nCan either apply temporary configuration or clear it.\nThe invocation of this service is mandatory to apply the network configuration. \nIf not, then the modified values are only stored and will not be applied until the invocation of this service.\nIt is advised that all the networking settings are consistent when applying the configuration (eq. Settings from IPService, IPInterface, Ethernet, WiFi Infrastructure and Proxy functions).\nIn case of errors, all modifications that shall be done by the apply shall be canceled. \n====\nThe settings that have not been modified since the last call of this service SHOULD not be rewrite.\n====",
  "properties": {
    "_id": {
      "type": "string",
      "description": "This is a technical attribute that identifies the instance. It must be unique at the system boundary."
    },
    "name": {
      "type": "string",
      "enum": [
        "Networking.ConfigurationManagement.Service"
      ]
    },
    "exception": {
      "type": "object",
      "additionalProperties": false,
      "description": "An exception can be returned in case of service execution failure.",
      "properties": {
        "_id": {
          "type": "string",
          "description": "This is a technical attribute that identifies the instance. It must be unique at the system boundary."
        },
        "topic": {
          "type": "string",
          "description": "Topic for the exception. This could be either a standard or a custom topic.\nUsing standard topics eases the integration with remote applications.\nThis class can be specialized in order to bring additional content that can help to diagnose the problem.\n"
        }
      }
    },
    "parameters": {
      "type": "object",
      "additionalProperties": false,
      "description": "Parameters for Networking Configuration Management Service",
      "properties": {
        "_id": {
          "type": "string",
          "description": "This is a technical attribute that identifies the instance. It must be unique at the system boundary."
        },
        "action": {
          "type": "string",
          "enum": [
            "Apply",
            "ClearTmp"
          ],
          "description": "Action to perform:\n\n  * Apply current Configuration\n  * Clear temporary Configuration\n"
        }
      }
    }
  }
}