{
  "$schema": "http://json-schema.org/draft-07/schema#",
  "$id": "iot.data_sampling.concept/0.3.0/class/iot.data_sampling.RemoveGroupServiceParameters/schema.json",
  "title": "iot.data_sampling.RemoveGroupServiceParameters",
  "type": "object",
  "additionalProperties": false,
  "description": "Contains parameters of service to remove a Group",
  "properties": {
    "_id": {
      "type": "string",
      "description": "This is a technical attribute that identifies the instance. It must be unique at the system boundary."
    },
    "forum_group_id": {
      "type": "string",
      "description": "FORUM identifier of the Group to be removed."
    }
  }
}