{
  "$schema": "http://json-schema.org/draft-07/schema#",
  "$id": "iot.modbus.concept/0.12.0/class/iot.modbus.serial.master.FramesDelay/schema.json",
  "title": "iot.modbus.serial.master.FramesDelay",
  "type": "object",
  "additionalProperties": false,
  "description": "Define the minimum silent time between the end of a received response and the beginning of a new request on the serial line.",
  "properties": {
    "_id": {
      "type": "string",
      "description": "This is a technical attribute that identifies the instance. It must be unique at the system boundary."
    },
    "name": {
      "type": "string",
      "enum": [
        "ModbusSerialMaster.FramesDelay"
      ],
      "description": "This name brings the semantic for the Element.\nEach name brings a specific and unique semantic.\nEach name is unique classwise.\nTwo instances with the same name have the same semantic.\n"
    },
    "value": {
      "type": "number",
      "description": "Value of the element"
    },
    "mode": {
      "type": "string",
      "enum": [
        "Rw"
      ],
      "description": "Mode of the value Ro=ReadOnly Rw=ReadWrite"
    },
    "locked": {
      "type": "boolean",
      "description": "True if the value can't be modified"
    },
    "min": {
      "type": "number",
      "enum": [
        0
      ],
      "description": "Used to specify the minimum for a numerical value. Interval of range is: [min, max]."
    },
    "max": {
      "type": "number",
      "enum": [
        100
      ],
      "description": "Used to specify the maximum for a numerical value. Interval of range is: [min, max]."
    },
    "step": {
      "type": "number",
      "enum": [
        10
      ]
    },
    "unit": {
      "type": "string",
      "enum": [
        "ms"
      ]
    }
  }
}