{
  "$schema": "http://json-schema.org/draft-07/schema#",
  "$id": "iot.networking.ip_interface.concept/0.6.0/class/iot.networking.ip.interface.Interface/schema.json",
  "title": "iot.networking.ip.interface.Interface",
  "type": "object",
  "additionalProperties": false,
  "description": "Defines an IP interface.",
  "properties": {
    "_id": {
      "type": "string",
      "description": "This is a technical attribute that identifies the instance. It must be unique at the system boundary."
    },
    "name": {
      "type": "string",
      "enum": [
        "IpInterface.Interface"
      ],
      "description": "This name brings the semantic for the Element.\nEach name brings a specific and unique semantic.\nEach name is unique classwise.\nTwo instances with the same name have the same semantic.\n"
    }
  }
}