{
  "$schema": "http://json-schema.org/draft-07/schema#",
  "$id": "iot.measurement_management.concept/0.7.0/class/iot.measurement.electrical.CalculationMethod/schema.json",
  "title": "iot.measurement.electrical.CalculationMethod",
  "type": "object",
  "additionalProperties": false,
  "description": "This setting configures how the device calculates demand measurements. \nThe following mode are available:\n\n  * TimedBlock: Demand measurements are updated at the end of each interval. For example, in timed block mode, a device configured with a 15 minute interval will update its demand measurements every 15 minutes.\n  * TimedSlidingBlock: Demand measurements are updated according to a frequency that depends on the interval selected. +\n    For example, in timed sliding block mode, a device configured with a 10 minute interval will update its demand measurements every 15 seconds according to the measurements recorded during the last 10 minutes (this 15s frequency depends on the device).\n",
  "properties": {
    "_id": {
      "type": "string",
      "description": "This is a technical attribute that identifies the instance. It must be unique at the system boundary."
    },
    "name": {
      "type": "string",
      "enum": [
        "MeasurementManagement.CalculationMethod"
      ],
      "description": "This name brings the semantic for the Element.\nEach name brings a specific and unique semantic.\nEach name is unique classwise.\nTwo instances with the same name have the same semantic.\n"
    },
    "value": {
      "type": "string",
      "description": "Value of the element"
    },
    "mode": {
      "type": "string",
      "enum": [
        "Rw"
      ],
      "description": "Mode of the value Ro=ReadOnly Rw=ReadWrite"
    },
    "locked": {
      "type": "boolean",
      "description": "True if the value can't be modified"
    },
    "enum": {
      "type": "array",
      "items": {
        "type": "string",
        "enum": [
          "TimedBlock",
          "TimedSlidingBlock"
        ]
      },
      "description": "Collection of all possible values for the \"value\" attribute"
    }
  }
}