{
  "$schema": "http://json-schema.org/draft-07/schema#",
  "$id": "iot.networking.ip_interface.concept/0.6.0/class/iot.networking.ip.interface.IpV4AssignmentModeInf/schema.json",
  "title": "iot.networking.ip.interface.IpV4AssignmentModeInf",
  "type": "object",
  "additionalProperties": false,
  "description": "Information about the Assignment mode used for IP v4 address configuration: \n\n  * Static : Manually assign IP address/Subnet mask and IP address of default Gateway. \n  * Bootp : Automatically assign an IP address to network device from a configuration server. \n  * Dhcp : Automatically assign IP address/Subnet mask.\n",
  "properties": {
    "_id": {
      "type": "string",
      "description": "This is a technical attribute that identifies the instance. It must be unique at the system boundary."
    },
    "name": {
      "type": "string",
      "enum": [
        "IpInterface.IpV4AssignmentModeInf"
      ],
      "description": "This name brings the semantic for the Element.\nEach name brings a specific and unique semantic.\nEach name is unique classwise.\nTwo instances with the same name have the same semantic.\n"
    },
    "value": {
      "type": "string",
      "enum": [
        "Static",
        "Bootp",
        "Dhcp"
      ],
      "description": "Value of the element"
    },
    "mode": {
      "type": "string",
      "enum": [
        "Ro"
      ],
      "description": "Mode of the value Ro=ReadOnly Rw=ReadWrite"
    }
  }
}