{
  "$schema": "http://json-schema.org/draft-07/schema#",
  "$id": "iot.modbus.concept/0.12.0/class/iot.modbus.tcp.server.ConnectionInformation/schema.json",
  "title": "iot.modbus.tcp.server.ConnectionInformation",
  "type": "object",
  "additionalProperties": false,
  "description": "Information about tcp connection.",
  "properties": {
    "_id": {
      "type": "string",
      "description": "This is a technical attribute that identifies the instance. It must be unique at the system boundary."
    },
    "name": {
      "type": "string",
      "enum": [
        "ModbusTcpServer.ConnectionInformation"
      ]
    },
    "elements": {
      "type": "object",
      "additionalProperties": false,
      "description": "Information about tcp connection.",
      "properties": {
        "_id": {
          "type": "string",
          "description": "This is a technical attribute that identifies the instance. It must be unique at the system boundary."
        },
        "active_connection": {
          "type": "object",
          "additionalProperties": false,
          "description": "Indicates the number of active tcp connection.",
          "properties": {
            "_id": {
              "type": "string",
              "description": "This is a technical attribute that identifies the instance. It must be unique at the system boundary."
            },
            "name": {
              "type": "string",
              "enum": [
                "ModbusTcpServer.ActiveConnection"
              ],
              "description": "This name brings the semantic for the Element.\nEach name brings a specific and unique semantic.\nEach name is unique classwise.\nTwo instances with the same name have the same semantic.\n"
            },
            "value": {
              "type": "number",
              "minimum": 0,
              "maximum": 4294967295,
              "description": "Value of the element"
            },
            "mode": {
              "type": "string",
              "enum": [
                "Ro"
              ],
              "description": "Mode of the value Ro=ReadOnly Rw=ReadWrite"
            }
          }
        },
        "maximum_connection": {
          "type": "object",
          "additionalProperties": false,
          "description": "Indicates the maximum number of active tcp connection.",
          "properties": {
            "_id": {
              "type": "string",
              "description": "This is a technical attribute that identifies the instance. It must be unique at the system boundary."
            },
            "name": {
              "type": "string",
              "enum": [
                "ModbusTcpServer.MaximumConnection"
              ],
              "description": "This name brings the semantic for the Element.\nEach name brings a specific and unique semantic.\nEach name is unique classwise.\nTwo instances with the same name have the same semantic.\n"
            },
            "value": {
              "type": "number",
              "minimum": 0,
              "maximum": 4294967295,
              "description": "Value of the element"
            },
            "mode": {
              "type": "string",
              "enum": [
                "Ro"
              ],
              "description": "Mode of the value Ro=ReadOnly Rw=ReadWrite"
            }
          }
        },
        "connection_counter": {
          "type": "object",
          "additionalProperties": false,
          "description": "Indicates the number of connection that has been established since the last reset.",
          "properties": {
            "_id": {
              "type": "string",
              "description": "This is a technical attribute that identifies the instance. It must be unique at the system boundary."
            },
            "name": {
              "type": "string",
              "enum": [
                "ModbusTcpServer.ConnectionCounter"
              ],
              "description": "This name brings the semantic for the Element.\nEach name brings a specific and unique semantic.\nEach name is unique classwise.\nTwo instances with the same name have the same semantic.\n"
            },
            "value": {
              "type": "number",
              "minimum": 0,
              "maximum": 4294967295,
              "description": "Value of the element"
            },
            "mode": {
              "type": "string",
              "enum": [
                "Ro"
              ],
              "description": "Mode of the value Ro=ReadOnly Rw=ReadWrite"
            }
          }
        }
      }
    }
  }
}