{
  "$schema": "http://json-schema.org/draft-07/schema#",
  "$id": "iot.modbus.concept/0.12.0/class/iot.modbus.tcp.server.Settings/schema.json",
  "title": "iot.modbus.tcp.server.Settings",
  "type": "object",
  "additionalProperties": false,
  "description": "Modbus TCP server settings.",
  "properties": {
    "_id": {
      "type": "string",
      "description": "This is a technical attribute that identifies the instance. It must be unique at the system boundary."
    },
    "name": {
      "type": "string",
      "enum": [
        "ModbusTcpServer.Settings"
      ]
    },
    "elements": {
      "type": "object",
      "additionalProperties": false,
      "properties": {
        "_id": {
          "type": "string",
          "description": "This is a technical attribute that identifies the instance. It must be unique at the system boundary."
        },
        "passive_notification": {
          "type": "object",
          "additionalProperties": false,
          "description": "Allows to enable or disable the sending of an hello query when then device joins the network.",
          "properties": {
            "_id": {
              "type": "string",
              "description": "This is a technical attribute that identifies the instance. It must be unique at the system boundary."
            },
            "name": {
              "type": "string",
              "enum": [
                "ModbusTcpServer.PassiveNotification"
              ],
              "description": "This name brings the semantic for the Element.\nEach name brings a specific and unique semantic.\nEach name is unique classwise.\nTwo instances with the same name have the same semantic.\n"
            },
            "value": {
              "type": "string",
              "description": "Value of the element"
            },
            "mode": {
              "type": "string",
              "enum": [
                "Rw"
              ],
              "description": "Mode of the value Ro=ReadOnly Rw=ReadWrite"
            },
            "locked": {
              "type": "boolean",
              "description": "True if the value can't be modified"
            },
            "enum": {
              "type": "array",
              "items": {
                "type": "string",
                "enum": [
                  "Enabled",
                  "Disabled"
                ]
              },
              "description": "Collection of all possible values for the \"value\" attribute"
            }
          }
        },
        "idle_time_mode": {
          "type": "object",
          "additionalProperties": false,
          "description": "Enables a timer that closes the modbus TCP/IP connection after a specified amount of idle time.",
          "properties": {
            "_id": {
              "type": "string",
              "description": "This is a technical attribute that identifies the instance. It must be unique at the system boundary."
            },
            "name": {
              "type": "string",
              "enum": [
                "ModbusTcpServer.IdleTimeMode"
              ],
              "description": "This name brings the semantic for the Element.\nEach name brings a specific and unique semantic.\nEach name is unique classwise.\nTwo instances with the same name have the same semantic.\n"
            },
            "value": {
              "type": "string",
              "description": "Value of the element"
            },
            "mode": {
              "type": "string",
              "enum": [
                "Rw"
              ],
              "description": "Mode of the value Ro=ReadOnly Rw=ReadWrite"
            },
            "locked": {
              "type": "boolean",
              "description": "True if the value can't be modified"
            },
            "enum": {
              "type": "array",
              "items": {
                "type": "string",
                "enum": [
                  "Enabled",
                  "Disabled"
                ]
              },
              "description": "Collection of all possible values for the \"value\" attribute"
            }
          }
        },
        "idle_time": {
          "type": "object",
          "additionalProperties": false,
          "description": "Length of time in seconds after which a TCP/IP connection is closed.",
          "properties": {
            "_id": {
              "type": "string",
              "description": "This is a technical attribute that identifies the instance. It must be unique at the system boundary."
            },
            "name": {
              "type": "string",
              "enum": [
                "ModbusTcpServer.IdleTime"
              ],
              "description": "This name brings the semantic for the Element.\nEach name brings a specific and unique semantic.\nEach name is unique classwise.\nTwo instances with the same name have the same semantic.\n"
            },
            "value": {
              "type": "number",
              "description": "Value of the element"
            },
            "mode": {
              "type": "string",
              "enum": [
                "Rw"
              ],
              "description": "Mode of the value Ro=ReadOnly Rw=ReadWrite"
            },
            "locked": {
              "type": "boolean",
              "description": "True if the value can't be modified"
            },
            "min": {
              "type": "number",
              "enum": [
                1
              ],
              "description": "Used to specify the minimum for a numerical value. Interval of range is: [min, max]."
            },
            "max": {
              "type": "number",
              "enum": [
                65535
              ],
              "description": "Used to specify the maximum for a numerical value. Interval of range is: [min, max]."
            },
            "step": {
              "type": "number",
              "enum": [
                1
              ]
            },
            "unit": {
              "type": "string",
              "enum": [
                "s"
              ]
            }
          }
        },
        "unit_id": {
          "type": "object",
          "additionalProperties": false,
          "description": "Unit Identifier. Used for routing purpose when addressing a device on a modbus serial line sub-network.",
          "properties": {
            "_id": {
              "type": "string",
              "description": "This is a technical attribute that identifies the instance. It must be unique at the system boundary."
            },
            "name": {
              "type": "string",
              "enum": [
                "ModbusTcpServer.UnitId"
              ],
              "description": "This name brings the semantic for the Element.\nEach name brings a specific and unique semantic.\nEach name is unique classwise.\nTwo instances with the same name have the same semantic.\n"
            },
            "value": {
              "type": "number",
              "description": "Value of the element"
            },
            "mode": {
              "type": "string",
              "enum": [
                "Rw"
              ],
              "description": "Mode of the value Ro=ReadOnly Rw=ReadWrite"
            },
            "locked": {
              "type": "boolean",
              "description": "True if the value can't be modified"
            },
            "min": {
              "type": "number",
              "enum": [
                0
              ],
              "description": "Used to specify the minimum for a numerical value. Interval of range is: [min, max]."
            },
            "max": {
              "type": "number",
              "enum": [
                255
              ],
              "description": "Used to specify the maximum for a numerical value. Interval of range is: [min, max]."
            }
          }
        },
        "tcp_port": {
          "type": "object",
          "additionalProperties": false,
          "description": "The local TCP port opened for the client",
          "properties": {
            "_id": {
              "type": "string",
              "description": "This is a technical attribute that identifies the instance. It must be unique at the system boundary."
            },
            "name": {
              "type": "string",
              "enum": [
                "ModbusTcpServer.TcpPort"
              ],
              "description": "This name brings the semantic for the Element.\nEach name brings a specific and unique semantic.\nEach name is unique classwise.\nTwo instances with the same name have the same semantic.\n"
            },
            "value": {
              "type": "number",
              "description": "Value of the element"
            },
            "mode": {
              "type": "string",
              "enum": [
                "Rw"
              ],
              "description": "Mode of the value Ro=ReadOnly Rw=ReadWrite"
            },
            "locked": {
              "type": "boolean",
              "description": "True if the value can't be modified"
            },
            "min": {
              "type": "number",
              "enum": [
                0
              ],
              "description": "Used to specify the minimum for a numerical value. Interval of range is: [min, max]."
            },
            "max": {
              "type": "number",
              "enum": [
                65535
              ],
              "description": "Used to specify the maximum for a numerical value. Interval of range is: [min, max]."
            }
          }
        }
      }
    }
  }
}