{
  "$schema": "http://json-schema.org/draft-07/schema#",
  "$id": "iot.modbus.concept/0.12.0/class/iot.modbus.serial.master.InformationElements/schema.json",
  "title": "iot.modbus.serial.master.InformationElements",
  "type": "object",
  "additionalProperties": false,
  "description": "Groups Modbus serial master information elements.",
  "properties": {
    "_id": {
      "type": "string",
      "description": "This is a technical attribute that identifies the instance. It must be unique at the system boundary."
    },
    "rx_messages": {
      "type": "object",
      "additionalProperties": false,
      "description": "A counter that increments each time a message is received.",
      "properties": {
        "_id": {
          "type": "string",
          "description": "This is a technical attribute that identifies the instance. It must be unique at the system boundary."
        },
        "name": {
          "type": "string",
          "enum": [
            "Modbus.RxMessages"
          ],
          "description": "This name brings the semantic for the Element.\nEach name brings a specific and unique semantic.\nEach name is unique classwise.\nTwo instances with the same name have the same semantic.\n"
        },
        "value": {
          "type": "number",
          "minimum": 0,
          "maximum": 4294967295,
          "description": "Value of the element"
        },
        "mode": {
          "type": "string",
          "enum": [
            "Ro"
          ],
          "description": "Mode of the value Ro=ReadOnly Rw=ReadWrite"
        }
      }
    },
    "tx_messages": {
      "type": "object",
      "additionalProperties": false,
      "description": "A counter that increments each time a message is sent.",
      "properties": {
        "_id": {
          "type": "string",
          "description": "This is a technical attribute that identifies the instance. It must be unique at the system boundary."
        },
        "name": {
          "type": "string",
          "enum": [
            "Modbus.TxMessages"
          ],
          "description": "This name brings the semantic for the Element.\nEach name brings a specific and unique semantic.\nEach name is unique classwise.\nTwo instances with the same name have the same semantic.\n"
        },
        "value": {
          "type": "number",
          "minimum": 0,
          "maximum": 4294967295,
          "description": "Value of the element"
        },
        "mode": {
          "type": "string",
          "enum": [
            "Ro"
          ],
          "description": "Mode of the value Ro=ReadOnly Rw=ReadWrite"
        }
      }
    },
    "messages_timeout": {
      "type": "object",
      "additionalProperties": false,
      "description": "A counter that increments each time a request message is sent without receiving a corresponding response message within the allowed time.",
      "properties": {
        "_id": {
          "type": "string",
          "description": "This is a technical attribute that identifies the instance. It must be unique at the system boundary."
        },
        "name": {
          "type": "string",
          "enum": [
            "Modbus.MessagesTimeout"
          ],
          "description": "This name brings the semantic for the Element.\nEach name brings a specific and unique semantic.\nEach name is unique classwise.\nTwo instances with the same name have the same semantic.\n"
        },
        "value": {
          "type": "number",
          "minimum": 0,
          "maximum": 4294967295,
          "description": "Value of the element"
        },
        "mode": {
          "type": "string",
          "enum": [
            "Ro"
          ],
          "description": "Mode of the value Ro=ReadOnly Rw=ReadWrite"
        }
      }
    },
    "protocol_errors": {
      "type": "object",
      "additionalProperties": false,
      "description": "A counter that increments each time an ill-formated message is received.",
      "properties": {
        "_id": {
          "type": "string",
          "description": "This is a technical attribute that identifies the instance. It must be unique at the system boundary."
        },
        "name": {
          "type": "string",
          "enum": [
            "Modbus.ProtocolErrors"
          ],
          "description": "This name brings the semantic for the Element.\nEach name brings a specific and unique semantic.\nEach name is unique classwise.\nTwo instances with the same name have the same semantic.\n"
        },
        "value": {
          "type": "number",
          "minimum": 0,
          "maximum": 4294967295,
          "description": "Value of the element"
        },
        "mode": {
          "type": "string",
          "enum": [
            "Ro"
          ],
          "description": "Mode of the value Ro=ReadOnly Rw=ReadWrite"
        }
      }
    },
    "rx_exceptions": {
      "type": "object",
      "additionalProperties": false,
      "description": "A counter that increments each time an exception is received.",
      "properties": {
        "_id": {
          "type": "string",
          "description": "This is a technical attribute that identifies the instance. It must be unique at the system boundary."
        },
        "name": {
          "type": "string",
          "enum": [
            "Modbus.RxExceptions"
          ],
          "description": "This name brings the semantic for the Element.\nEach name brings a specific and unique semantic.\nEach name is unique classwise.\nTwo instances with the same name have the same semantic.\n"
        },
        "value": {
          "type": "number",
          "minimum": 0,
          "maximum": 4294967295,
          "description": "Value of the element"
        },
        "mode": {
          "type": "string",
          "enum": [
            "Ro"
          ],
          "description": "Mode of the value Ro=ReadOnly Rw=ReadWrite"
        }
      }
    },
    "messages_crc_errors": {
      "type": "object",
      "additionalProperties": false,
      "description": "A counter that increments each time a frame is received that has a checksum/CRC that does match what is calculated.",
      "properties": {
        "_id": {
          "type": "string",
          "description": "This is a technical attribute that identifies the instance. It must be unique at the system boundary."
        },
        "name": {
          "type": "string",
          "enum": [
            "ModbusSerial.CrcErrors"
          ],
          "description": "This name brings the semantic for the Element.\nEach name brings a specific and unique semantic.\nEach name is unique classwise.\nTwo instances with the same name have the same semantic.\n"
        },
        "value": {
          "type": "number",
          "minimum": 0,
          "maximum": 4294967295,
          "description": "Value of the element"
        },
        "mode": {
          "type": "string",
          "enum": [
            "Ro"
          ],
          "description": "Mode of the value Ro=ReadOnly Rw=ReadWrite"
        }
      }
    }
  }
}