{
  "$schema": "http://json-schema.org/draft-07/schema#",
  "$id": "iot.io_block.concept/0.10.0/class/iot.io_equipment.PinConfiguration/schema.json",
  "title": "iot.io_equipment.PinConfiguration",
  "type": "object",
  "additionalProperties": false,
  "description": "Pin configuration parameters",
  "properties": {
    "_id": {
      "type": "string",
      "description": "This is a technical attribute that identifies the instance. It must be unique at the system boundary."
    },
    "pin_name": {
      "type": "string",
      "description": "Name of the pin"
    },
    "pin_type": {
      "type": "string",
      "enum": [
        "DigitalInput",
        "DigitalOutput"
      ],
      "description": "Type of the pin"
    },
    "pin_mode": {
      "type": "string",
      "enum": [
        "Pulse",
        "Status",
        "ImpulseRelay"
      ],
      "description": "Mode of the pin"
    }
  }
}