{
  "$schema": "http://json-schema.org/draft-07/schema#",
  "$id": "iot.firmware.concept/0.2.1/class/iot.firmware.FirmwareType/schema.json",
  "title": "iot.firmware.FirmwareType",
  "type": "object",
  "additionalProperties": false,
  "description": "Firmware module type:\n\n* Production: Firmware module that can be deployed on client product (eq. Tested and validated modules)\n* Industrialization: Firmware module specific to industrialization phase and test \n* Development: Test firmware module for internal use only.\n* Demo : Demonstration firmware module that can be deployed on a client product with a deadline or limited functionnalities.\n",
  "properties": {
    "_id": {
      "type": "string",
      "description": "This is a technical attribute that identifies the instance. It must be unique at the system boundary."
    },
    "name": {
      "type": "string",
      "enum": [
        "Firmware.FirmwareType"
      ],
      "description": "This name brings the semantic for the Element.\nEach name brings a specific and unique semantic.\nEach name is unique classwise.\nTwo instances with the same name have the same semantic.\n"
    },
    "value": {
      "type": "string",
      "enum": [
        "Prod",
        "Indus",
        "Dev",
        "Demo"
      ],
      "description": "Value of the element"
    },
    "mode": {
      "type": "string",
      "enum": [
        "Ro"
      ],
      "description": "Mode of the value Ro=ReadOnly Rw=ReadWrite"
    }
  }
}