{
  "$schema": "http://json-schema.org/draft-07/schema#",
  "$id": "iot.networking.ethernet.concept/0.4.0/class/iot.networking.ethernet.LinkStatus/schema.json",
  "title": "iot.networking.ethernet.LinkStatus",
  "type": "object",
  "additionalProperties": false,
  "description": "Ethernet link status: Up: The Ethernet link is well configured and connected, Down: The Ethernet link is not connected (eq. no cable)",
  "properties": {
    "_id": {
      "type": "string",
      "description": "This is a technical attribute that identifies the instance. It must be unique at the system boundary."
    },
    "name": {
      "type": "string",
      "enum": [
        "Ethernet.LinkStatus"
      ],
      "description": "This name brings the semantic for the Element.\nEach name brings a specific and unique semantic.\nEach name is unique classwise.\nTwo instances with the same name have the same semantic.\n"
    },
    "value": {
      "type": "string",
      "enum": [
        "Up",
        "Down"
      ],
      "description": "Value of the element"
    },
    "mode": {
      "type": "string",
      "enum": [
        "Ro"
      ],
      "description": "Mode of the value Ro=ReadOnly Rw=ReadWrite"
    }
  }
}