{
  "$schema": "http://json-schema.org/draft-07/schema#",
  "$id": "iot.base.concept/0.15.6/class/iot.base.service.TemplateParametersInfo/schema.json",
  "title": "iot.base.service.TemplateParametersInfo",
  "type": "object",
  "additionalProperties": false,
  "properties": {
    "_id": {
      "type": "string",
      "description": "This is a technical attribute that identifies the instance. It must be unique at the system boundary."
    },
    "a": {
      "type": "object",
      "additionalProperties": false,
      "properties": {
        "_id": {
          "type": "string",
          "description": "This is a technical attribute that identifies the instance. It must be unique at the system boundary."
        },
        "enum": {
          "type": "array",
          "items": {
            "type": "string"
          }
        }
      },
      "description": "First parameter\n"
    },
    "b": {
      "type": "object",
      "additionalProperties": false,
      "properties": {
        "_id": {
          "type": "string",
          "description": "This is a technical attribute that identifies the instance. It must be unique at the system boundary."
        },
        "min": {
          "type": "number"
        },
        "max": {
          "type": "number"
        }
      },
      "description": "Second parameter\n"
    }
  }
}