{
  "$schema": "http://json-schema.org/draft-07/schema#",
  "$id": "iot.data_sampling.concept/0.3.0/class/iot.data_sampling.CreateGroupService/schema.json",
  "title": "iot.data_sampling.CreateGroupService",
  "type": "object",
  "additionalProperties": false,
  "description": "\nService to create a  sampling group. \n",
  "properties": {
    "_id": {
      "type": "string",
      "description": "This is a technical attribute that identifies the instance. It must be unique at the system boundary."
    },
    "name": {
      "type": "string",
      "enum": [
        "DataSampling.CreateGroup.Service"
      ]
    },
    "parameters": {
      "type": "object",
      "additionalProperties": false,
      "description": "Parameters of Create Group Sampling Service",
      "properties": {
        "_id": {
          "type": "string",
          "description": "This is a technical attribute that identifies the instance. It must be unique at the system boundary."
        },
        "name": {
          "type": "string",
          "description": "Name of the group\n"
        },
        "period": {
          "type": "number",
          "enum": [
            1,
            2,
            3,
            5,
            6,
            10,
            12,
            15,
            20,
            30,
            60
          ],
          "description": "Sampling period of the group\n"
        }
      }
    },
    "parameters_info": {
      "type": "object",
      "additionalProperties": false,
      "description": "Information about the Create Group Sampling Service parameters",
      "properties": {
        "_id": {
          "type": "string",
          "description": "This is a technical attribute that identifies the instance. It must be unique at the system boundary."
        },
        "period": {
          "type": "object",
          "additionalProperties": false,
          "description": "Describes the list of parameters available for the Create Group Sampling Service.",
          "properties": {
            "_id": {
              "type": "string",
              "description": "This is a technical attribute that identifies the instance. It must be unique at the system boundary."
            },
            "enum": {
              "type": "array",
              "items": {
                "type": "number"
              }
            }
          }
        }
      }
    },
    "return": {
      "type": "object",
      "additionalProperties": false,
      "description": "The service return the FORUM identifier of the new group.",
      "properties": {
        "_id": {
          "type": "string",
          "description": "This is a technical attribute that identifies the instance. It must be unique at the system boundary."
        },
        "forum_group_id": {
          "type": "string",
          "description": "Identifier of the sampling group"
        }
      }
    },
    "exception": {
      "type": "object",
      "additionalProperties": false,
      "description": "Exception raised in case of failure\n",
      "properties": {
        "_id": {
          "type": "string",
          "description": "This is a technical attribute that identifies the instance. It must be unique at the system boundary."
        },
        "topic": {
          "type": "string",
          "description": "Topic for the exception. This could be either a standard or a custom topic.\nUsing standard topics eases the integration with remote applications.\nThis class can be specialized in order to bring additional content that can help to diagnose the problem.\n"
        }
      }
    }
  }
}