{
  "$schema": "http://json-schema.org/draft-07/schema#",
  "$id": "iot.networking.ethernet.concept/0.4.0/class/iot.networking.ethernet.TxFrame/schema.json",
  "title": "iot.networking.ethernet.TxFrame",
  "type": "object",
  "additionalProperties": false,
  "description": "A counter that increments each time a frame is transmitted.",
  "properties": {
    "_id": {
      "type": "string",
      "description": "This is a technical attribute that identifies the instance. It must be unique at the system boundary."
    },
    "name": {
      "type": "string",
      "enum": [
        "Ethernet.TxFrame"
      ],
      "description": "This name brings the semantic for the Element.\nEach name brings a specific and unique semantic.\nEach name is unique classwise.\nTwo instances with the same name have the same semantic.\n"
    },
    "value": {
      "type": "number",
      "minimum": 0,
      "maximum": 18446744073709551615,
      "description": "Value of the element"
    },
    "mode": {
      "type": "string",
      "enum": [
        "Ro"
      ],
      "description": "Mode of the value Ro=ReadOnly Rw=ReadWrite"
    }
  }
}