{
  "$schema": "http://json-schema.org/draft-07/schema#",
  "$id": "iot.io_block.concept/0.10.0/class/iot.io_block.PinCounterValue/schema.json",
  "title": "iot.io_block.PinCounterValue",
  "type": "object",
  "additionalProperties": false,
  "description": "Counter associated to the pin. \nThe value of the measurement associated to the counter should be equal to the value of the counter multiplied by the value of the pulse weight of the connected pulse meter plus the offset.\nThis counter should be reset when the associated measurement is reset.\n",
  "properties": {
    "_id": {
      "type": "string",
      "description": "This is a technical attribute that identifies the instance. It must be unique at the system boundary."
    },
    "name": {
      "type": "string",
      "enum": [
        "IoBlock.PinCounterValue"
      ],
      "description": "This name brings the semantic for the Element.\nEach name brings a specific and unique semantic.\nEach name is unique classwise.\nTwo instances with the same name have the same semantic.\n"
    },
    "value": {
      "type": "number",
      "description": "Value of the element"
    },
    "mode": {
      "type": "string",
      "enum": [
        "Ro"
      ],
      "description": "Mode of the value Ro=ReadOnly Rw=ReadWrite"
    }
  }
}