{
  "$schema": "http://json-schema.org/draft-07/schema#",
  "$id": "iot.data_sampling.concept/0.3.0/class/iot.data_sampling.RemoveGroupService/schema.json",
  "title": "iot.data_sampling.RemoveGroupService",
  "type": "object",
  "additionalProperties": false,
  "description": "\nService to remove a sampling group.\n",
  "properties": {
    "_id": {
      "type": "string",
      "description": "This is a technical attribute that identifies the instance. It must be unique at the system boundary."
    },
    "name": {
      "type": "string",
      "enum": [
        "DataSampling.RemoveGroup.Service"
      ]
    },
    "parameters": {
      "type": "object",
      "additionalProperties": false,
      "description": "Contains parameters of service to remove a Group",
      "properties": {
        "_id": {
          "type": "string",
          "description": "This is a technical attribute that identifies the instance. It must be unique at the system boundary."
        },
        "forum_group_id": {
          "type": "string",
          "description": "FORUM identifier of the Group to be removed."
        }
      }
    },
    "exception": {
      "type": "object",
      "additionalProperties": false,
      "description": "Exception raised in case of failure \n",
      "properties": {
        "_id": {
          "type": "string",
          "description": "This is a technical attribute that identifies the instance. It must be unique at the system boundary."
        },
        "topic": {
          "type": "string",
          "description": "Topic for the exception. This could be either a standard or a custom topic.\nUsing standard topics eases the integration with remote applications.\nThis class can be specialized in order to bring additional content that can help to diagnose the problem.\n"
        }
      }
    }
  }
}