{
  "$schema": "http://json-schema.org/draft-07/schema#",
  "$id": "iot.io_block.concept/0.10.0/class/iot.io_equipment.AddBuiltInIoDeviceParameters/schema.json",
  "title": "iot.io_equipment.AddBuiltInIoDeviceParameters",
  "type": "object",
  "additionalProperties": false,
  "description": "Contains parameters of service to add a built-in IO device",
  "properties": {
    "_id": {
      "type": "string",
      "description": "This is a technical attribute that identifies the instance. It must be unique at the system boundary."
    },
    "modeling_package_id": {
      "type": "string",
      "description": "Identifier of the modeling package of the device"
    }
  }
}