{
  "$schema": "http://json-schema.org/draft-07/schema#",
  "$id": "iot.modbus.concept/0.12.0/class/iot.modbus.RemoveDeviceParameters/schema.json",
  "title": "iot.modbus.RemoveDeviceParameters",
  "type": "object",
  "additionalProperties": false,
  "description": "Contains parameters of service to remove device",
  "properties": {
    "_id": {
      "type": "string",
      "description": "This is a technical attribute that identifies the instance. It must be unique at the system boundary."
    },
    "forum_id": {
      "type": "string",
      "description": "FORUM identifier of a device in FORUM model"
    }
  }
}