{
  "$schema": "http://json-schema.org/draft-07/schema#",
  "$id": "iot.component_breakdown.concept/0.5.1/class/iot.component_breakdown.Function/schema.json",
  "title": "iot.component_breakdown.Function",
  "type": "object",
  "additionalProperties": false,
  "description": "Brings the components of the system of interest and the capabilities (eq. Functions) supported by these devices",
  "properties": {
    "_id": {
      "type": "string",
      "description": "This is a technical attribute that identifies the instance. It must be unique at the system boundary."
    },
    "name": {
      "type": "string",
      "enum": [
        "ComponentBreakdown.Function"
      ],
      "description": "The name of a function is restricted to following rule: it must end with \".Function\".\nThis allows to easily discriminate functions from the other classes.\n"
    }
  }
}