{
  "$schema": "http://json-schema.org/draft-07/schema#",
  "$id": "iot.base.concept/0.15.6/class/iot.base.service.TemplateParametersInfoA/schema.json",
  "title": "iot.base.service.TemplateParametersInfoA",
  "type": "object",
  "additionalProperties": false,
  "properties": {
    "_id": {
      "type": "string",
      "description": "This is a technical attribute that identifies the instance. It must be unique at the system boundary."
    },
    "enum": {
      "type": "array",
      "items": {
        "type": "string"
      }
    }
  }
}