{
  "$schema": "http://json-schema.org/draft-07/schema#",
  "$id": "iot.io_pulse.concept/0.5.0/class/iot.io_pulse.FlowElement/schema.json",
  "title": "iot.io_pulse.FlowElement",
  "type": "object",
  "additionalProperties": false,
  "description": "Flow element monitored by the IO pulse. \nThe flow element should be compatible with the count element. \nFor example if the count element selected is ElectricalMeasurement.TotalDeliveredActiveEnergy then the flow element should be ElectricalMeasurement.TotalRmsActivePower.\n",
  "properties": {
    "_id": {
      "type": "string",
      "description": "This is a technical attribute that identifies the instance. It must be unique at the system boundary."
    },
    "name": {
      "type": "string",
      "enum": [
        "IoPulse.FlowElement"
      ],
      "description": "This name brings the semantic for the Element.\nEach name brings a specific and unique semantic.\nEach name is unique classwise.\nTwo instances with the same name have the same semantic.\n"
    },
    "value": {
      "type": "string",
      "description": "Value of the element"
    },
    "mode": {
      "type": "string",
      "enum": [
        "Rw"
      ],
      "description": "Mode of the value Ro=ReadOnly Rw=ReadWrite"
    },
    "locked": {
      "type": "boolean",
      "description": "True if the value can't be modified"
    },
    "enum": {
      "type": "array",
      "items": {
        "type": "string",
        "enum": [
          "ElectricalMeasurement.RmsActivePowerPhsA",
          "ElectricalMeasurement.RmsActivePowerPhsB",
          "ElectricalMeasurement.RmsActivePowerPhsC",
          "ElectricalMeasurement.TotalRmsActivePower",
          "ElectricalMeasurement.RmsApparentPowerPhsA",
          "ElectricalMeasurement.RmsApparentPowerPhsB",
          "ElectricalMeasurement.RmsApparentPowerPhsC",
          "ElectricalMeasurement.TotalRmsApparentPower",
          "ElectricalMeasurement.RmsReactivePowerPhsA",
          "ElectricalMeasurement.RmsReactivePowerPhsB",
          "ElectricalMeasurement.RmsReactivePowerPhsC",
          "ElectricalMeasurement.TotalRmsReactivePower",
          "WaterFlowRate",
          "GasFlowRate",
          "HeatPower",
          "ChilledPower"
        ]
      },
      "description": "Collection of all possible values for the \"value\" attribute"
    }
  }
}