{
  "$schema": "http://json-schema.org/draft-07/schema#",
  "$id": "iot.io_block.concept/0.10.0/class/iot.io_block.IoActuatorServiceParametersInfo/schema.json",
  "title": "iot.io_block.IoActuatorServiceParametersInfo",
  "type": "object",
  "additionalProperties": false,
  "description": "Information about the IO actuator Service parameters",
  "properties": {
    "_id": {
      "type": "string",
      "description": "This is a technical attribute that identifies the instance. It must be unique at the system boundary."
    },
    "state": {
      "type": "object",
      "additionalProperties": false,
      "description": "Describes the list of states available for the IO actuator Service.",
      "properties": {
        "_id": {
          "type": "string",
          "description": "This is a technical attribute that identifies the instance. It must be unique at the system boundary."
        },
        "enum": {
          "type": "array",
          "items": {
            "type": "string",
            "enum": [
              "True",
              "False",
              "Toggle"
            ]
          }
        }
      }
    }
  }
}