{
  "$schema": "http://json-schema.org/draft-07/schema#",
  "$id": "iot.modbus.concept/0.12.0/class/iot.modbus.tcp.client.ModelingPackageIdInfo/schema.json",
  "title": "iot.modbus.tcp.client.ModelingPackageIdInfo",
  "type": "object",
  "additionalProperties": false,
  "description": "Describes the list of device modeling package id for the Add Device Service of modbus client",
  "properties": {
    "_id": {
      "type": "string",
      "description": "This is a technical attribute that identifies the instance. It must be unique at the system boundary."
    },
    "enum": {
      "type": "array",
      "items": {
        "type": "string"
      }
    }
  }
}