{
  "$schema": "http://json-schema.org/draft-07/schema#",
  "$id": "iot.alarms_events.concept/0.3.1/class/iot.evt.EventLog/schema.json",
  "title": "iot.evt.EventLog",
  "type": "object",
  "additionalProperties": false,
  "description": "Allow to group events log together. The management of such group is done by each project (eq. Number of EventsLog, ranking of events in each log, ...)",
  "properties": {
    "_id": {
      "type": "string",
      "description": "This is a technical attribute that identifies the instance. It must be unique at the system boundary."
    },
    "name": {
      "type": "string",
      "enum": [
        "Event.EventLog"
      ],
      "description": "This name brings the semantic for the Element.\nEach name brings a specific and unique semantic.\nEach name is unique classwise.\nTwo instances with the same name have the same semantic.\n"
    }
  }
}