{
  "$schema": "http://json-schema.org/draft-07/schema#",
  "$id": "iot.io_block.concept/0.10.0/class/iot.io_connection.ConnectIoDevicePinServiceParameters/schema.json",
  "title": "iot.io_connection.ConnectIoDevicePinServiceParameters",
  "type": "object",
  "additionalProperties": false,
  "description": "Contains parameters of service to connect pins",
  "properties": {
    "_id": {
      "type": "string",
      "description": "This is a technical attribute that identifies the instance. It must be unique at the system boundary."
    },
    "input_pin_id": {
      "type": "string",
      "description": "Input Pin identifier that we want to connect."
    },
    "output_pin_id": {
      "type": "string",
      "description": "Output Pin identifier that we want to connect."
    }
  }
}