{
  "$schema": "http://json-schema.org/draft-07/schema#",
  "$id": "iot.electrical.topology.concept/0.1.0/class/iot.electrical.topology.Device/schema.json",
  "title": "iot.electrical.topology.Device",
  "type": "object",
  "additionalProperties": false,
  "description": "Electrical view of a device.",
  "properties": {
    "_id": {
      "type": "string",
      "description": "This is a technical attribute that identifies the instance. It must be unique at the system boundary."
    },
    "name": {
      "type": "string",
      "enum": [
        "ElectricalTopology.Device.Function"
      ],
      "description": "The name of a function is restricted to following rule: it must end with \".Function\".\nThis allows to easily discriminate functions from the other classes.\n"
    }
  }
}