{
  "$schema": "http://json-schema.org/draft-07/schema#",
  "$id": "iot.modbus.concept/0.12.0/class/iot.modbus.serial.master.AddDeviceService/schema.json",
  "title": "iot.modbus.serial.master.AddDeviceService",
  "type": "object",
  "additionalProperties": false,
  "description": "Service to add a Modbus device.\nThe purpose of the service is to be used when a modbus discovery is not possible for a specific slave id (for example if it is not possible to identify the modbus devices automatically).\nWARNING: The communication between the modbus master and the modbus slave added with this service will not work properly if the device type selected is incorrect. Also this service may not work properly if the slave id provided is already used by another device.\n",
  "properties": {
    "_id": {
      "type": "string",
      "description": "This is a technical attribute that identifies the instance. It must be unique at the system boundary."
    },
    "name": {
      "type": "string",
      "enum": [
        "ModbusSerialMaster.AddDevice.Service"
      ]
    },
    "parameters": {
      "type": "object",
      "additionalProperties": false,
      "description": "Contains parameters of service to add device",
      "properties": {
        "_id": {
          "type": "string",
          "description": "This is a technical attribute that identifies the instance. It must be unique at the system boundary."
        },
        "modeling_package_id": {
          "type": "string",
          "enum": [
            "iem2050.device",
            "iem2055.device",
            "iem2150.device",
            "iem2155.device",
            "iem3150.device",
            "iem3155.device",
            "iem3250.device",
            "iem3255.device",
            "iem3350.device",
            "iem3355.device",
            "iem3455.device",
            "iem3555.device",
            "pm3250.device",
            "pm3255.device",
            "pm5110.device",
            "pm5111.device"
          ],
          "description": "Identifier of the modeling package of the device"
        },
        "slave_id": {
          "type": "number",
          "minimum": 1,
          "maximum": 247,
          "description": "Slave ID of the serial device to add, must be between 1 and 247"
        }
      }
    },
    "parameters_info": {
      "type": "object",
      "additionalProperties": false,
      "description": "Provides information about the attributes of the add device service",
      "properties": {
        "_id": {
          "type": "string",
          "description": "This is a technical attribute that identifies the instance. It must be unique at the system boundary."
        },
        "slave_id": {
          "type": "object",
          "additionalProperties": false,
          "description": "attribute Slave ID",
          "properties": {
            "_id": {
              "type": "string",
              "description": "This is a technical attribute that identifies the instance. It must be unique at the system boundary."
            },
            "min": {
              "type": "number"
            },
            "max": {
              "type": "number"
            }
          }
        },
        "modeling_package_id": {
          "type": "object",
          "additionalProperties": false,
          "description": "Describes the list of device modeling package id for the Add Device Service of modbus master",
          "properties": {
            "_id": {
              "type": "string",
              "description": "This is a technical attribute that identifies the instance. It must be unique at the system boundary."
            },
            "enum": {
              "type": "array",
              "items": {
                "type": "string"
              }
            }
          }
        }
      }
    },
    "exception": {
      "type": "object",
      "additionalProperties": false,
      "description": "Exception raised in case of failure \n",
      "properties": {
        "_id": {
          "type": "string",
          "description": "This is a technical attribute that identifies the instance. It must be unique at the system boundary."
        },
        "topic": {
          "type": "string",
          "description": "Topic for the exception. This could be either a standard or a custom topic.\nUsing standard topics eases the integration with remote applications.\nThis class can be specialized in order to bring additional content that can help to diagnose the problem.\n"
        }
      }
    }
  }
}