{
  "$schema": "http://json-schema.org/draft-07/schema#",
  "$id": "iot.modbus.concept/0.12.0/class/iot.modbus.serial.master.SlaveIdInfo/schema.json",
  "title": "iot.modbus.serial.master.SlaveIdInfo",
  "type": "object",
  "additionalProperties": false,
  "description": "Describes the range of the slave id of the Add Device Service of modbus master, between 1 and 247",
  "properties": {
    "_id": {
      "type": "string",
      "description": "This is a technical attribute that identifies the instance. It must be unique at the system boundary."
    },
    "min": {
      "type": "number"
    },
    "max": {
      "type": "number"
    }
  }
}