{
  "$schema": "http://json-schema.org/draft-07/schema#",
  "$id": "iot.io_pulse.concept/0.5.0/class/iot.io_pulse.CountElement/schema.json",
  "title": "iot.io_pulse.CountElement",
  "type": "object",
  "additionalProperties": false,
  "description": "Count element monitored by the IO pulse",
  "properties": {
    "_id": {
      "type": "string",
      "description": "This is a technical attribute that identifies the instance. It must be unique at the system boundary."
    },
    "name": {
      "type": "string",
      "enum": [
        "IoPulse.CountElement"
      ],
      "description": "This name brings the semantic for the Element.\nEach name brings a specific and unique semantic.\nEach name is unique classwise.\nTwo instances with the same name have the same semantic.\n"
    },
    "value": {
      "type": "string",
      "description": "Value of the element"
    },
    "mode": {
      "type": "string",
      "enum": [
        "Rw"
      ],
      "description": "Mode of the value Ro=ReadOnly Rw=ReadWrite"
    },
    "locked": {
      "type": "boolean",
      "description": "True if the value can't be modified"
    },
    "enum": {
      "type": "array",
      "items": {
        "type": "string",
        "enum": [
          "ElectricalMeasurement.Delivered+ReceivedActiveEnergyPhsA",
          "ElectricalMeasurement.Delivered+ReceivedActiveEnergyPhsB",
          "ElectricalMeasurement.Delivered+ReceivedActiveEnergyPhsC",
          "ElectricalMeasurement.Delivered-ReceivedActiveEnergyPhsA",
          "ElectricalMeasurement.Delivered-ReceivedActiveEnergyPhsB",
          "ElectricalMeasurement.Delivered-ReceivedActiveEnergyPhsC",
          "ElectricalMeasurement.DeliveredActiveEnergyPhsA",
          "ElectricalMeasurement.DeliveredActiveEnergyPhsB",
          "ElectricalMeasurement.DeliveredActiveEnergyPhsC",
          "ElectricalMeasurement.ReceivedActiveEnergyPhsA",
          "ElectricalMeasurement.ReceivedActiveEnergyPhsB",
          "ElectricalMeasurement.ReceivedActiveEnergyPhsC",
          "ElectricalMeasurement.TotalDelivered+ReceivedActiveEnergy",
          "ElectricalMeasurement.TotalDelivered-ReceivedActiveEnergy",
          "ElectricalMeasurement.TotalDeliveredActiveEnergy",
          "ElectricalMeasurement.TotalReceivedActiveEnergy",
          "ElectricalMeasurement.Delivered+ReceivedApparentEnergyPhsA",
          "ElectricalMeasurement.Delivered+ReceivedApparentEnergyPhsB",
          "ElectricalMeasurement.Delivered+ReceivedApparentEnergyPhsC",
          "ElectricalMeasurement.Delivered-ReceivedApparentEnergyPhsA",
          "ElectricalMeasurement.Delivered-ReceivedApparentEnergyPhsB",
          "ElectricalMeasurement.Delivered-ReceivedApparentEnergyPhsC",
          "ElectricalMeasurement.DeliveredApparentEnergyPhsA",
          "ElectricalMeasurement.DeliveredApparentEnergyPhsB",
          "ElectricalMeasurement.DeliveredApparentEnergyPhsC",
          "ElectricalMeasurement.ReceivedApparentEnergyPhsA",
          "ElectricalMeasurement.ReceivedApparentEnergyPhsB",
          "ElectricalMeasurement.ReceivedApparentEnergyPhsC",
          "ElectricalMeasurement.TotalDelivered+ReceivedApparentEnergy",
          "ElectricalMeasurement.TotalDelivered-ReceivedApparentEnergy",
          "ElectricalMeasurement.TotalDeliveredApparentEnergy",
          "ElectricalMeasurement.TotalReceivedApparentEnergy",
          "ElectricalMeasurement.Delivered+ReceivedReactiveEnergyPhsA",
          "ElectricalMeasurement.Delivered+ReceivedReactiveEnergyPhsB",
          "ElectricalMeasurement.Delivered+ReceivedReactiveEnergyPhsC",
          "ElectricalMeasurement.Delivered-ReceivedReactiveEnergyPhsA",
          "ElectricalMeasurement.Delivered-ReceivedReactiveEnergyPhsB",
          "ElectricalMeasurement.Delivered-ReceivedReactiveEnergyPhsC",
          "ElectricalMeasurement.DeliveredReactiveEnergyPhsA",
          "ElectricalMeasurement.DeliveredReactiveEnergyPhsB",
          "ElectricalMeasurement.DeliveredReactiveEnergyPhsC",
          "ElectricalMeasurement.ReceivedReactiveEnergyPhsA",
          "ElectricalMeasurement.ReceivedReactiveEnergyPhsB",
          "ElectricalMeasurement.ReceivedReactiveEnergyPhsC",
          "ElectricalMeasurement.TotalDelivered+ReceivedReactiveEnergy",
          "ElectricalMeasurement.TotalDelivered-ReceivedReactiveEnergy",
          "ElectricalMeasurement.TotalDeliveredReactiveEnergy",
          "ElectricalMeasurement.TotalReceivedReactiveEnergy",
          "WaterVolume",
          "GasVolume",
          "HeatEnergy",
          "ChilledWater"
        ]
      },
      "description": "Collection of all possible values for the \"value\" attribute"
    }
  }
}