{
  "$schema": "http://json-schema.org/draft-07/schema#",
  "$id": "iot.dsp_connectivity.concept/0.8.0/class/iot.dsp.ConnectionStatus/schema.json",
  "title": "iot.dsp.ConnectionStatus",
  "type": "object",
  "additionalProperties": false,
  "description": "DSP Connection Status Information. Possible values are:\n\n    * Not connected\n    * Connection in progress\n    * Connected\n    * Disconnected\n    * Network unreachable\n    * Bad credentials\n    * Invalid certificate\n",
  "properties": {
    "_id": {
      "type": "string",
      "description": "This is a technical attribute that identifies the instance. It must be unique at the system boundary."
    },
    "name": {
      "type": "string",
      "enum": [
        "DspConnectivity.ConnectionStatus"
      ],
      "description": "This name brings the semantic for the Element.\nEach name brings a specific and unique semantic.\nEach name is unique classwise.\nTwo instances with the same name have the same semantic.\n"
    },
    "value": {
      "type": "string",
      "enum": [
        "NotConnected",
        "ConnectionInProgress",
        "Connected",
        "Disconnected",
        "NetworkUnreachable",
        "BadCredentials",
        "InvalidCertificate"
      ],
      "description": "Value of the element"
    },
    "mode": {
      "type": "string",
      "enum": [
        "Ro"
      ],
      "description": "Mode of the value Ro=ReadOnly Rw=ReadWrite"
    }
  }
}