{
  "$schema": "http://json-schema.org/draft-07/schema#",
  "$id": "iot.networking.concept/0.6.0/class/iot.networking.Function/schema.json",
  "title": "iot.networking.Function",
  "type": "object",
  "additionalProperties": false,
  "description": "Used to organize and manage all functions related to the IP network management.",
  "properties": {
    "_id": {
      "type": "string",
      "description": "This is a technical attribute that identifies the instance. It must be unique at the system boundary."
    },
    "name": {
      "type": "string",
      "enum": [
        "Networking.Function"
      ],
      "description": "The name of a function is restricted to following rule: it must end with \".Function\".\nThis allows to easily discriminate functions from the other classes.\n"
    }
  }
}