{
  "$schema": "http://json-schema.org/draft-07/schema#",
  "$id": "iot.networking.concept/0.6.0/class/iot.networking.ConfigurationManagementServiceParameters/schema.json",
  "title": "iot.networking.ConfigurationManagementServiceParameters",
  "type": "object",
  "additionalProperties": false,
  "description": "Parameters for Networking Configuration Management Service",
  "properties": {
    "_id": {
      "type": "string",
      "description": "This is a technical attribute that identifies the instance. It must be unique at the system boundary."
    },
    "action": {
      "type": "string",
      "enum": [
        "Apply",
        "ClearTmp"
      ],
      "description": "Action to perform:\n\n  * Apply current Configuration\n  * Clear temporary Configuration\n"
    }
  }
}