{
  "$schema": "http://json-schema.org/draft-07/schema#",
  "$id": "iot.io_block.concept/0.10.0/class/iot.io_equipment.PinConfigurationInfo/schema.json",
  "title": "iot.io_equipment.PinConfigurationInfo",
  "type": "object",
  "additionalProperties": false,
  "description": "Information about the service parameters",
  "properties": {
    "_id": {
      "type": "string",
      "description": "This is a technical attribute that identifies the instance. It must be unique at the system boundary."
    },
    "pin_type": {
      "type": "object",
      "additionalProperties": false,
      "description": "Type of the pin",
      "properties": {
        "_id": {
          "type": "string",
          "description": "This is a technical attribute that identifies the instance. It must be unique at the system boundary."
        },
        "enum": {
          "type": "array",
          "items": {
            "type": "string"
          }
        }
      }
    },
    "pin_mode": {
      "type": "object",
      "additionalProperties": false,
      "description": "Mode of the pin",
      "properties": {
        "_id": {
          "type": "string",
          "description": "This is a technical attribute that identifies the instance. It must be unique at the system boundary."
        },
        "enum": {
          "type": "array",
          "items": {
            "type": "string"
          }
        }
      }
    }
  }
}