{
  "$schema": "http://json-schema.org/draft-07/schema#",
  "$id": "iot.base.concept/0.15.6/class/iot.base.service.Template/schema.json",
  "title": "iot.base.service.Template",
  "type": "object",
  "additionalProperties": false,
  "description": "This class is a template for IoT services.\nIt shows all possible attributes.\n",
  "properties": {
    "_id": {
      "type": "string",
      "description": "This is a technical attribute that identifies the instance. It must be unique at the system boundary."
    },
    "name": {
      "type": "string",
      "pattern": ".+\\.Service$"
    },
    "parameters": {
      "type": "object",
      "additionalProperties": false,
      "properties": {
        "_id": {
          "type": "string",
          "description": "This is a technical attribute that identifies the instance. It must be unique at the system boundary."
        },
        "a": {
          "type": "string",
          "description": "First parameter\n"
        },
        "b": {
          "type": "number",
          "description": "Second parameter\n"
        }
      }
    },
    "parameters_info": {
      "type": "object",
      "additionalProperties": false,
      "properties": {
        "_id": {
          "type": "string",
          "description": "This is a technical attribute that identifies the instance. It must be unique at the system boundary."
        },
        "a": {
          "type": "object",
          "additionalProperties": false,
          "properties": {
            "_id": {
              "type": "string",
              "description": "This is a technical attribute that identifies the instance. It must be unique at the system boundary."
            },
            "enum": {
              "type": "array",
              "items": {
                "type": "string"
              }
            }
          },
          "description": "First parameter\n"
        },
        "b": {
          "type": "object",
          "additionalProperties": false,
          "properties": {
            "_id": {
              "type": "string",
              "description": "This is a technical attribute that identifies the instance. It must be unique at the system boundary."
            },
            "min": {
              "type": "number"
            },
            "max": {
              "type": "number"
            }
          },
          "description": "Second parameter\n"
        }
      }
    },
    "return": {
      "type": "object",
      "additionalProperties": false,
      "properties": {
        "_id": {
          "type": "string",
          "description": "This is a technical attribute that identifies the instance. It must be unique at the system boundary."
        },
        "c": {
          "type": "number",
          "description": "First returned value\n"
        },
        "d": {
          "type": "number",
          "description": "Second returned value\n"
        }
      }
    },
    "exception": {
      "type": "object",
      "additionalProperties": false,
      "description": "Exception raised in case of failure\n",
      "properties": {
        "_id": {
          "type": "string",
          "description": "This is a technical attribute that identifies the instance. It must be unique at the system boundary."
        },
        "topic": {
          "type": "string",
          "description": "Topic for the exception. This could be either a standard or a custom topic.\nUsing standard topics eases the integration with remote applications.\nThis class can be specialized in order to bring additional content that can help to diagnose the problem.\n"
        }
      }
    }
  }
}