{
  "$schema": "http://json-schema.org/draft-07/schema#",
  "$id": "iot.modbus.concept/0.12.0/class/iot.modbus.serial.master.discovery.StartDiscoveryParameters/schema.json",
  "title": "iot.modbus.serial.master.discovery.StartDiscoveryParameters",
  "type": "object",
  "additionalProperties": false,
  "description": "Contains parameters of device StartDiscovery service",
  "properties": {
    "_id": {
      "type": "string",
      "description": "This is a technical attribute that identifies the instance. It must be unique at the system boundary."
    },
    "whitelist": {
      "type": "array",
      "items": {
        "type": "number",
        "minimum": 1,
        "maximum": 247
      },
      "description": "Whitelist used for the discovery. \nIf this list is empty then the entire slave ID range will be discovered (1-247). \nIf not then only devices whose slave id are in this list will be discovered.\n"
    }
  }
}