{
  "$schema": "http://json-schema.org/draft-07/schema#",
  "$id": "iot.data_sampling.concept/0.3.0/class/iot.data_sampling.StartStopServiceParameters/schema.json",
  "title": "iot.data_sampling.StartStopServiceParameters",
  "type": "object",
  "additionalProperties": false,
  "description": "Parameters of Start/Stop Sampling Service",
  "properties": {
    "_id": {
      "type": "string",
      "description": "This is a technical attribute that identifies the instance. It must be unique at the system boundary."
    },
    "action": {
      "type": "string",
      "enum": [
        "Start",
        "Stop"
      ],
      "description": "Action to be performed by the start/stop sampling service: either start or stop.\n"
    }
  }
}