{
  "$schema": "http://json-schema.org/draft-07/schema#",
  "$id": "iot.electrical.characteristics.concept/0.1.1/class/iot.electrical.characteristics.Function/schema.json",
  "title": "iot.electrical.characteristics.Function",
  "type": "object",
  "additionalProperties": false,
  "description": "Function devoted to IoT Electrical Characteristics.\n",
  "properties": {
    "_id": {
      "type": "string",
      "description": "This is a technical attribute that identifies the instance. It must be unique at the system boundary."
    },
    "name": {
      "type": "string",
      "enum": [
        "ElectricalCharacteristics.Function"
      ],
      "description": "The name of a function is restricted to following rule: it must end with \".Function\".\nThis allows to easily discriminate functions from the other classes.\n"
    }
  }
}