{
  "$schema": "http://json-schema.org/draft-07/schema#",
  "$id": "iot.modeling.concept/0.3.1/class/iot.modeling.Concepts/schema.json",
  "title": "iot.modeling.Concepts",
  "type": "object",
  "additionalProperties": false,
  "description": "Class that allows to hold the details of modeling concepts.\nIt brings all the classes and stereotypes as a document.\nOnly classes related to IoT are included.\nThe document is a JSON string\nThe format of the document is the same as the modeling package syntax and matches the 'stereotypes' and 'classes' schemas.\nThe only difference is the JSON export (modeling package use the YAML metalanguage).\nThe document is zipped and encoded into base 64 to be more compact.\nThe zip entry name is \"concepts.json\".\nSchemas allows to bring descriptions in content definition. The exporter may omit them for even more compacity.\n",
  "properties": {
    "_id": {
      "type": "string",
      "description": "This is a technical attribute that identifies the instance. It must be unique at the system boundary."
    },
    "name": {
      "type": "string",
      "enum": [
        "Modeling.Concepts"
      ],
      "description": "This name brings the semantic for the Element.\nEach name brings a specific and unique semantic.\nEach name is unique classwise.\nTwo instances with the same name have the same semantic.\n"
    },
    "value": {
      "type": "string",
      "description": "Holds the modeling concepts document as a JSON string, zipped and encoded in base64.\n\nExample of document (JSON):\n  {\n    \"stereotypes\": [\n      [{ \"name\": \"design.facet\", \"contexts\": [\"class\"] }],\n      [{ \"name\": \"top_function\", \"contexts\": [\"class\"] }],\n      [{ \"name\": \"internal\" }, { \"name\": \"top_level\" }, { \"name\": \"undisclosed\" }]\n    ],\n    \"classes\": [\n      [\n        {\n          \"name\": \"Component\",\n          \"package\": \"iot.base.component\",\n          \"abstract\": true,\n          \"extends\": \"iot.base.Element\",\n          \"relations\": [\n            {\n              \"name\": \"has_child\",\n              \"target_class\": \"iot.base.component.Component\",\n              \"type\": \"composition\",\n              \"cardinality\": \"0..*\"\n            }\n          ]\n        },\n  ...\n"
    },
    "mode": {
      "type": "string",
      "enum": [
        "Ro"
      ],
      "description": "Mode of the value Ro=ReadOnly Rw=ReadWrite"
    }
  }
}