{
  "$schema": "http://json-schema.org/draft-07/schema#",
  "$id": "iot.base.concept/0.15.6/class/iot.base.value_element.RwValueElement/schema.json",
  "title": "iot.base.value_element.RwValueElement",
  "type": "object",
  "additionalProperties": false,
  "description": "Element with a read-write value",
  "properties": {
    "_id": {
      "type": "string",
      "description": "This is a technical attribute that identifies the instance. It must be unique at the system boundary."
    },
    "name": {
      "type": "string",
      "description": "This name brings the semantic for the Element.\nEach name brings a specific and unique semantic.\nEach name is unique classwise.\nTwo instances with the same name have the same semantic.\n"
    },
    "value": {
      "description": "Value of the element"
    },
    "mode": {
      "type": "string",
      "enum": [
        "Rw"
      ],
      "description": "Mode of the value Ro=ReadOnly Rw=ReadWrite"
    },
    "locked": {
      "type": "boolean",
      "description": "True if the value can't be modified"
    }
  }
}