{
  "$schema": "http://json-schema.org/draft-07/schema#",
  "$id": "iot.base.concept/0.15.6/class/iot.base.service.Exception/schema.json",
  "title": "iot.base.service.Exception",
  "type": "object",
  "additionalProperties": false,
  "description": "An exception can be returned in case of service execution failure.",
  "properties": {
    "_id": {
      "type": "string",
      "description": "This is a technical attribute that identifies the instance. It must be unique at the system boundary."
    },
    "topic": {
      "type": "string",
      "description": "Topic for the exception. This could be either a standard or a custom topic.\nUsing standard topics eases the integration with remote applications.\nThis class can be specialized in order to bring additional content that can help to diagnose the problem.\n"
    }
  }
}