{
  "$schema": "http://json-schema.org/draft-07/schema#",
  "$id": "iot.environment_simulation.concept/0.2.0/class/iot.environment_simulation.Environment/schema.json",
  "title": "iot.environment_simulation.Environment",
  "type": "object",
  "additionalProperties": false,
  "description": "Provides a simulated environment.",
  "properties": {
    "_id": {
      "type": "string",
      "description": "This is a technical attribute that identifies the instance. It must be unique at the system boundary."
    }
  }
}