{
  "$schema": "http://json-schema.org/draft-07/schema#",
  "$id": "iot.io_block.concept/0.10.0/class/iot.io_block.IoActuatorService/schema.json",
  "title": "iot.io_block.IoActuatorService",
  "type": "object",
  "additionalProperties": false,
  "description": "Service to change the state of the Digital Output pin.\n",
  "properties": {
    "_id": {
      "type": "string",
      "description": "This is a technical attribute that identifies the instance. It must be unique at the system boundary."
    },
    "name": {
      "type": "string",
      "enum": [
        "IoBlock.IoActuator.Service"
      ]
    },
    "parameters": {
      "type": "object",
      "additionalProperties": false,
      "description": "Contains parameters of service to change the status of the pin.",
      "properties": {
        "_id": {
          "type": "string",
          "description": "This is a technical attribute that identifies the instance. It must be unique at the system boundary."
        },
        "state": {
          "type": "string",
          "enum": [
            "True",
            "False",
            "Toggle"
          ],
          "description": "State or action to apply to the output pin"
        }
      }
    },
    "parameters_info": {
      "type": "object",
      "additionalProperties": false,
      "description": "Information about the IO actuator Service parameters",
      "properties": {
        "_id": {
          "type": "string",
          "description": "This is a technical attribute that identifies the instance. It must be unique at the system boundary."
        },
        "state": {
          "type": "object",
          "additionalProperties": false,
          "description": "Describes the list of states available for the IO actuator Service.",
          "properties": {
            "_id": {
              "type": "string",
              "description": "This is a technical attribute that identifies the instance. It must be unique at the system boundary."
            },
            "enum": {
              "type": "array",
              "items": {
                "type": "string",
                "enum": [
                  "True",
                  "False",
                  "Toggle"
                ]
              }
            }
          }
        }
      }
    },
    "exception": {
      "type": "object",
      "additionalProperties": false,
      "description": "Exception raised in case of failure \n",
      "properties": {
        "_id": {
          "type": "string",
          "description": "This is a technical attribute that identifies the instance. It must be unique at the system boundary."
        },
        "topic": {
          "type": "string",
          "description": "Topic for the exception. This could be either a standard or a custom topic.\nUsing standard topics eases the integration with remote applications.\nThis class can be specialized in order to bring additional content that can help to diagnose the problem.\n"
        }
      }
    }
  }
}