{
  "$schema": "http://json-schema.org/draft-07/schema#",
  "$id": "iot.firmware.concept/0.2.1/class/iot.firmware.update.DescType/schema.json",
  "title": "iot.firmware.update.DescType",
  "type": "object",
  "additionalProperties": false,
  "description": "Data package description file SHALL use one of XML, JSON or binary object file format.\nThe description file is parsed by firmware tool and product to control compatibility and consistency of data package. XML and\nJSON format requires high level parsers to be embedded on high end products. Low end products may use binary object\nformat. Binary object format is a simple structure of serialized data (description parameters).\n",
  "properties": {
    "_id": {
      "type": "string",
      "description": "This is a technical attribute that identifies the instance. It must be unique at the system boundary."
    },
    "name": {
      "type": "string",
      "enum": [
        "FirmwareUpdate.DescType"
      ],
      "description": "This name brings the semantic for the Element.\nEach name brings a specific and unique semantic.\nEach name is unique classwise.\nTwo instances with the same name have the same semantic.\n"
    },
    "value": {
      "type": "string",
      "description": "Value of the element"
    },
    "mode": {
      "type": "string",
      "enum": [
        "Ro"
      ],
      "description": "Mode of the value Ro=ReadOnly Rw=ReadWrite"
    }
  }
}