{
  "$schema": "http://json-schema.org/draft-07/schema#",
  "$id": "iot.io_block.concept/0.10.0/class/iot.io_equipment.AddCustomIoDeviceService/schema.json",
  "title": "iot.io_equipment.AddCustomIoDeviceService",
  "type": "object",
  "additionalProperties": false,
  "description": "Service to add a custom IO device. \nOnce this service has been called the new device should be connected to the device carrying the IO block function with the has_child relation. \nBefore connecting a pin, it is advised to fully configure the device settings (pin settings, identification, pulse or status settings, etc).\n",
  "properties": {
    "_id": {
      "type": "string",
      "description": "This is a technical attribute that identifies the instance. It must be unique at the system boundary."
    },
    "name": {
      "type": "string",
      "enum": [
        "IoEquipment.AddCustomIoDevice.Service"
      ]
    },
    "parameters": {
      "type": "object",
      "additionalProperties": false,
      "description": "Parameters of the Add Custom Io Device Service Parameters",
      "properties": {
        "_id": {
          "type": "string",
          "description": "This is a technical attribute that identifies the instance. It must be unique at the system boundary."
        },
        "pin_configuration": {
          "type": "array",
          "items": {
            "type": "object",
            "additionalProperties": false,
            "description": "Pin configuration parameters",
            "properties": {
              "_id": {
                "type": "string",
                "description": "This is a technical attribute that identifies the instance. It must be unique at the system boundary."
              },
              "pin_name": {
                "type": "string",
                "description": "Name of the pin"
              },
              "pin_type": {
                "type": "string",
                "enum": [
                  "DigitalInput",
                  "DigitalOutput"
                ],
                "description": "Type of the pin"
              },
              "pin_mode": {
                "type": "string",
                "enum": [
                  "Pulse",
                  "Status",
                  "ImpulseRelay"
                ],
                "description": "Mode of the pin"
              }
            }
          },
          "description": "Pin configuration parameters of the Add Custom Io Device Service"
        }
      }
    },
    "parameters_info": {
      "type": "object",
      "additionalProperties": false,
      "description": "Contains Add Custom Io Device Service Parameters information.",
      "properties": {
        "_id": {
          "type": "string",
          "description": "This is a technical attribute that identifies the instance. It must be unique at the system boundary."
        },
        "pin_configuration": {
          "type": "object",
          "additionalProperties": false,
          "description": "Parameters information of the Pin configuration of the Add Custom Io Device Service",
          "properties": {
            "_id": {
              "type": "string",
              "description": "This is a technical attribute that identifies the instance. It must be unique at the system boundary."
            },
            "pin_type": {
              "type": "object",
              "additionalProperties": false,
              "description": "Type of the pin",
              "properties": {
                "_id": {
                  "type": "string",
                  "description": "This is a technical attribute that identifies the instance. It must be unique at the system boundary."
                },
                "enum": {
                  "type": "array",
                  "items": {
                    "type": "string"
                  }
                }
              }
            },
            "pin_mode": {
              "type": "object",
              "additionalProperties": false,
              "description": "Mode of the pin",
              "properties": {
                "_id": {
                  "type": "string",
                  "description": "This is a technical attribute that identifies the instance. It must be unique at the system boundary."
                },
                "enum": {
                  "type": "array",
                  "items": {
                    "type": "string"
                  }
                }
              }
            }
          }
        }
      }
    },
    "exception": {
      "type": "object",
      "additionalProperties": false,
      "description": "Exception raised in case of failure \n",
      "properties": {
        "_id": {
          "type": "string",
          "description": "This is a technical attribute that identifies the instance. It must be unique at the system boundary."
        },
        "topic": {
          "type": "string",
          "description": "Topic for the exception. This could be either a standard or a custom topic.\nUsing standard topics eases the integration with remote applications.\nThis class can be specialized in order to bring additional content that can help to diagnose the problem.\n"
        }
      }
    },
    "return": {
      "type": "object",
      "additionalProperties": false,
      "description": "The service return the FORUM identifier of the component node of the new created device.",
      "properties": {
        "_id": {
          "type": "string",
          "description": "This is a technical attribute that identifies the instance. It must be unique at the system boundary."
        },
        "forum_device_id": {
          "type": "string",
          "description": "Identifier of the created device"
        }
      }
    }
  }
}