{
  "$schema": "http://json-schema.org/draft-07/schema#",
  "$id": "iot.alarms_events.concept/0.3.1/class/iot.evt.EventTypeInf/schema.json",
  "title": "iot.evt.EventTypeInf",
  "type": "object",
  "additionalProperties": false,
  "description": "Describes the specific type of Event (e.g. process, diagnostic, system).",
  "properties": {
    "_id": {
      "type": "string",
      "description": "This is a technical attribute that identifies the instance. It must be unique at the system boundary."
    },
    "name": {
      "type": "string",
      "enum": [
        "Event.EventTypeInf"
      ],
      "description": "This name brings the semantic for the Element.\nEach name brings a specific and unique semantic.\nEach name is unique classwise.\nTwo instances with the same name have the same semantic.\n"
    },
    "value": {
      "type": "string",
      "enum": [
        "Process",
        "Diagnostic",
        "System",
        "Security",
        "Resources",
        "Delivery",
        "Protection"
      ],
      "description": "Value of the element"
    },
    "mode": {
      "type": "string",
      "enum": [
        "Ro"
      ],
      "description": "Mode of the value Ro=ReadOnly Rw=ReadWrite"
    }
  }
}