{
  "$schema": "http://json-schema.org/draft-07/schema#",
  "$id": "iot.modbus.concept/0.12.0/class/iot.modbus.serial.master.discovery.StartDiscoveryService/schema.json",
  "title": "iot.modbus.serial.master.discovery.StartDiscoveryService",
  "type": "object",
  "additionalProperties": false,
  "description": "Service to start the discovery function. \nA whitelist may be used to filter devices based on their slave id.\nIf no whitelist if provided then the discovery will be performed on all slave id (from 1 to 247).\n",
  "properties": {
    "_id": {
      "type": "string",
      "description": "This is a technical attribute that identifies the instance. It must be unique at the system boundary."
    },
    "name": {
      "type": "string",
      "enum": [
        "ModbusSerialMaster.StartDiscovery.Service"
      ]
    },
    "parameters": {
      "type": "object",
      "additionalProperties": false,
      "description": "Contains parameters of device StartDiscovery service",
      "properties": {
        "_id": {
          "type": "string",
          "description": "This is a technical attribute that identifies the instance. It must be unique at the system boundary."
        },
        "whitelist": {
          "type": "array",
          "items": {
            "type": "number",
            "minimum": 1,
            "maximum": 247
          },
          "description": "Whitelist used for the discovery. \nIf this list is empty then the entire slave ID range will be discovered (1-247). \nIf not then only devices whose slave id are in this list will be discovered.\n"
        }
      }
    },
    "exception": {
      "type": "object",
      "additionalProperties": false,
      "description": "Exception raised in case of failure \n",
      "properties": {
        "_id": {
          "type": "string",
          "description": "This is a technical attribute that identifies the instance. It must be unique at the system boundary."
        },
        "topic": {
          "type": "string",
          "description": "Topic for the exception. This could be either a standard or a custom topic.\nUsing standard topics eases the integration with remote applications.\nThis class can be specialized in order to bring additional content that can help to diagnose the problem.\n"
        }
      }
    }
  }
}