{
  "$schema": "http://json-schema.org/draft-07/schema#",
  "$id": "iot.io_block.concept/0.10.0/class/iot.io_block.Offset/schema.json",
  "title": "iot.io_block.Offset",
  "type": "object",
  "additionalProperties": false,
  "description": "Allows to add (positive or negative) a value to the measurement associated to the counter. \nThis is mainly used to ease display readability. \nThe difference between the measurement and this offset must not be negative.\n",
  "properties": {
    "_id": {
      "type": "string",
      "description": "This is a technical attribute that identifies the instance. It must be unique at the system boundary."
    },
    "name": {
      "type": "string",
      "enum": [
        "IoBlock.Offset"
      ],
      "description": "This name brings the semantic for the Element.\nEach name brings a specific and unique semantic.\nEach name is unique classwise.\nTwo instances with the same name have the same semantic.\n"
    },
    "value": {
      "type": "number",
      "description": "Value of the element"
    },
    "mode": {
      "type": "string",
      "enum": [
        "Rw"
      ],
      "description": "Mode of the value Ro=ReadOnly Rw=ReadWrite"
    },
    "locked": {
      "type": "boolean",
      "description": "True if the value can't be modified"
    },
    "min": {
      "type": "number",
      "description": "Used to specify the minimum for a numerical value. Interval of range is: [min, max]."
    },
    "max": {
      "type": "number",
      "description": "Used to specify the maximum for a numerical value. Interval of range is: [min, max]."
    }
  }
}