{
  "$schema": "http://json-schema.org/draft-07/schema#",
  "$id": "iot.diagnostic.concept/0.2.0/class/iot.diagnostic.Uptime/schema.json",
  "title": "iot.diagnostic.Uptime",
  "type": "object",
  "additionalProperties": false,
  "description": "Indicates the number of seconds elapsed since the product has been started (reset to 0 every time the device reboots",
  "properties": {
    "_id": {
      "type": "string",
      "description": "This is a technical attribute that identifies the instance. It must be unique at the system boundary."
    },
    "name": {
      "type": "string",
      "enum": [
        "Diagnostic.Uptime"
      ],
      "description": "This name brings the semantic for the Element.\nEach name brings a specific and unique semantic.\nEach name is unique classwise.\nTwo instances with the same name have the same semantic.\n"
    },
    "value": {
      "type": "number",
      "minimum": 0,
      "maximum": 18446744073709551615,
      "description": "Value of the element"
    },
    "mode": {
      "type": "string",
      "enum": [
        "Ro"
      ],
      "description": "Mode of the value Ro=ReadOnly Rw=ReadWrite"
    },
    "unit": {
      "type": "string",
      "enum": [
        "s"
      ]
    }
  }
}