{
  "$schema": "http://json-schema.org/draft-07/schema#",
  "$id": "iot.data_sampling.concept/0.3.0/class/iot.data_sampling.Group/schema.json",
  "title": "iot.data_sampling.Group",
  "type": "object",
  "additionalProperties": false,
  "description": "Sampling group.",
  "properties": {
    "_id": {
      "type": "string",
      "description": "This is a technical attribute that identifies the instance. It must be unique at the system boundary."
    },
    "name": {
      "type": "string",
      "enum": [
        "DataSampling.Group"
      ],
      "description": "This name brings the semantic for the Element.\nEach name brings a specific and unique semantic.\nEach name is unique classwise.\nTwo instances with the same name have the same semantic.\n"
    },
    "elements": {
      "type": "object",
      "additionalProperties": false,
      "description": "Sampling group elements.",
      "properties": {
        "_id": {
          "type": "string",
          "description": "This is a technical attribute that identifies the instance. It must be unique at the system boundary."
        },
        "name": {
          "type": "object",
          "additionalProperties": false,
          "description": "Name of the Sampling group. This name should be unique among all sampling groups.",
          "properties": {
            "_id": {
              "type": "string",
              "description": "This is a technical attribute that identifies the instance. It must be unique at the system boundary."
            },
            "name": {
              "type": "string",
              "enum": [
                "DataSampling.GroupName"
              ],
              "description": "This name brings the semantic for the Element.\nEach name brings a specific and unique semantic.\nEach name is unique classwise.\nTwo instances with the same name have the same semantic.\n"
            },
            "value": {
              "type": "string",
              "description": "Value of the element"
            },
            "mode": {
              "type": "string",
              "enum": [
                "Ro"
              ],
              "description": "Mode of the value Ro=ReadOnly Rw=ReadWrite"
            }
          }
        },
        "period": {
          "type": "object",
          "additionalProperties": false,
          "description": "Sampling period of a sampling group.",
          "properties": {
            "_id": {
              "type": "string",
              "description": "This is a technical attribute that identifies the instance. It must be unique at the system boundary."
            },
            "name": {
              "type": "string",
              "enum": [
                "DataSampling.Period"
              ],
              "description": "This name brings the semantic for the Element.\nEach name brings a specific and unique semantic.\nEach name is unique classwise.\nTwo instances with the same name have the same semantic.\n"
            },
            "value": {
              "type": "number",
              "description": "Value of the element"
            },
            "mode": {
              "type": "string",
              "enum": [
                "Rw"
              ],
              "description": "Mode of the value Ro=ReadOnly Rw=ReadWrite"
            },
            "locked": {
              "type": "boolean",
              "description": "True if the value can't be modified"
            },
            "enum": {
              "type": "array",
              "items": {
                "type": "number",
                "enum": [
                  1,
                  2,
                  3,
                  5,
                  6,
                  10,
                  12,
                  15,
                  20,
                  30,
                  60
                ]
              },
              "description": "Collection of all possible values for the \"value\" attribute"
            },
            "unit": {
              "type": "string",
              "enum": [
                "min"
              ]
            }
          }
        }
      }
    }
  }
}