{
  "$schema": "http://json-schema.org/draft-07/schema#",
  "$id": "iot.networking.ethernet.concept/0.4.0/class/iot.networking.ethernet.PortSet/schema.json",
  "title": "iot.networking.ethernet.PortSet",
  "type": "object",
  "additionalProperties": false,
  "description": "Defines settings to configure an Ethernet port. An invocation of the Networking.ConfigurationManagement.Service is required to apply this setting.",
  "properties": {
    "_id": {
      "type": "string",
      "description": "This is a technical attribute that identifies the instance. It must be unique at the system boundary."
    },
    "name": {
      "type": "string",
      "enum": [
        "Ethernet.PortSet"
      ],
      "description": "This name brings the semantic for the Element.\nEach name brings a specific and unique semantic.\nEach name is unique classwise.\nTwo instances with the same name have the same semantic.\n"
    },
    "elements": {
      "type": "object",
      "additionalProperties": false,
      "description": "Ethernet Port setting elements",
      "properties": {
        "_id": {
          "type": "string",
          "description": "This is a technical attribute that identifies the instance. It must be unique at the system boundary."
        },
        "dplx_tx_mode": {
          "type": "object",
          "additionalProperties": false,
          "description": "Duplex transmission mode. Allows to define communication direction between the device and a connected third part. The possible values are: \n\n* Auto-negociation: Enables devices to automatically exchange information over a link about speed and duplex abilities. \n* HalfDuplex: Both devices communicate with each other simultaneously.\n* FullDuplex: Both devices communicate with each other, but not simultaneously.\n\nAn invocation of the Networking.ConfigurationManagement.Service is required to apply this setting.\n",
          "properties": {
            "_id": {
              "type": "string",
              "description": "This is a technical attribute that identifies the instance. It must be unique at the system boundary."
            },
            "name": {
              "type": "string",
              "enum": [
                "Ethernet.DplxTxMode"
              ],
              "description": "This name brings the semantic for the Element.\nEach name brings a specific and unique semantic.\nEach name is unique classwise.\nTwo instances with the same name have the same semantic.\n"
            },
            "value": {
              "type": "string",
              "description": "Value of the element"
            },
            "mode": {
              "type": "string",
              "enum": [
                "Rw"
              ],
              "description": "Mode of the value Ro=ReadOnly Rw=ReadWrite"
            },
            "locked": {
              "type": "boolean",
              "description": "True if the value can't be modified"
            },
            "enum": {
              "type": "array",
              "items": {
                "type": "string",
                "enum": [
                  "Auto-negociation",
                  "HalfDuplex",
                  "FullDuplex"
                ]
              },
              "description": "Collection of all possible values for the \"value\" attribute"
            }
          }
        },
        "dplx_tx_spd_mode": {
          "type": "object",
          "additionalProperties": false,
          "description": "Duplex transmission speed mode. Allows to define the communication speed. The possible values are 10Mbps, 100Mbps, 1Gbps. An invocation of the Networking.ConfigurationManagement.Service is required to apply this setting. It is advised that all the networking settings are consistent together before calling the service.",
          "properties": {
            "_id": {
              "type": "string",
              "description": "This is a technical attribute that identifies the instance. It must be unique at the system boundary."
            },
            "name": {
              "type": "string",
              "enum": [
                "Ethernet.DplxTxSpdMode"
              ],
              "description": "This name brings the semantic for the Element.\nEach name brings a specific and unique semantic.\nEach name is unique classwise.\nTwo instances with the same name have the same semantic.\n"
            },
            "value": {
              "type": "string",
              "description": "Value of the element"
            },
            "mode": {
              "type": "string",
              "enum": [
                "Rw"
              ],
              "description": "Mode of the value Ro=ReadOnly Rw=ReadWrite"
            },
            "locked": {
              "type": "boolean",
              "description": "True if the value can't be modified"
            },
            "enum": {
              "type": "array",
              "items": {
                "type": "string",
                "enum": [
                  "10Mbps",
                  "100Mbps",
                  "1Gbps"
                ]
              },
              "description": "Collection of all possible values for the \"value\" attribute"
            }
          }
        },
        "frame_format": {
          "type": "object",
          "additionalProperties": false,
          "description": "Allows to set the ethernet frame format used by the network interface. Frame format list and description  Auto, 802.3, Ethernet II. An invocation of the Networking.ConfigurationManagement.Service is required to apply this setting. It is advised that all the networking settings are consistent together before calling the service.",
          "properties": {
            "_id": {
              "type": "string",
              "description": "This is a technical attribute that identifies the instance. It must be unique at the system boundary."
            },
            "name": {
              "type": "string",
              "enum": [
                "Ethernet.FrameFormat"
              ],
              "description": "This name brings the semantic for the Element.\nEach name brings a specific and unique semantic.\nEach name is unique classwise.\nTwo instances with the same name have the same semantic.\n"
            },
            "value": {
              "type": "string",
              "description": "Value of the element"
            },
            "mode": {
              "type": "string",
              "enum": [
                "Rw"
              ],
              "description": "Mode of the value Ro=ReadOnly Rw=ReadWrite"
            },
            "locked": {
              "type": "boolean",
              "description": "True if the value can't be modified"
            },
            "enum": {
              "type": "array",
              "items": {
                "type": "string",
                "enum": [
                  "Auto",
                  "802.3",
                  "EthernetII"
                ]
              },
              "description": "Collection of all possible values for the \"value\" attribute"
            }
          }
        }
      }
    }
  }
}