{
  "$schema": "http://json-schema.org/draft-07/schema#",
  "$id": "iot.io_block.concept/0.10.0/class/iot.io_block.IoActuatorServiceParameters/schema.json",
  "title": "iot.io_block.IoActuatorServiceParameters",
  "type": "object",
  "additionalProperties": false,
  "description": "Contains parameters of service to change the status of the pin.",
  "properties": {
    "_id": {
      "type": "string",
      "description": "This is a technical attribute that identifies the instance. It must be unique at the system boundary."
    },
    "state": {
      "type": "string",
      "enum": [
        "True",
        "False",
        "Toggle"
      ],
      "description": "State or action to apply to the output pin"
    }
  }
}