{
  "$schema": "http://json-schema.org/draft-07/schema#",
  "$id": "iot.dsp_connectivity.concept/0.8.0/class/iot.dsp.Information/schema.json",
  "title": "iot.dsp.Information",
  "type": "object",
  "additionalProperties": false,
  "description": "Information about DSP",
  "properties": {
    "_id": {
      "type": "string",
      "description": "This is a technical attribute that identifies the instance. It must be unique at the system boundary."
    },
    "name": {
      "type": "string",
      "enum": [
        "DspConnectivity.Information"
      ],
      "description": "This name brings the semantic for the Element.\nEach name brings a specific and unique semantic.\nEach name is unique classwise.\nTwo instances with the same name have the same semantic.\n"
    },
    "elements": {
      "type": "object",
      "additionalProperties": false,
      "description": "DSP Information elements.",
      "properties": {
        "_id": {
          "type": "string",
          "description": "This is a technical attribute that identifies the instance. It must be unique at the system boundary."
        },
        "Status": {
          "type": "object",
          "additionalProperties": false,
          "description": "DSP Activation Status Information. Possible values are:\n    \n    * Not activated\n    * Activation in progress\n    * Device disabled\n    * Device not registered\n    * Device activated\n",
          "properties": {
            "_id": {
              "type": "string",
              "description": "This is a technical attribute that identifies the instance. It must be unique at the system boundary."
            },
            "name": {
              "type": "string",
              "enum": [
                "DspConnectivity.ActivationStatus"
              ],
              "description": "This name brings the semantic for the Element.\nEach name brings a specific and unique semantic.\nEach name is unique classwise.\nTwo instances with the same name have the same semantic.\n"
            },
            "value": {
              "type": "string",
              "enum": [
                "NotActivated",
                "ActivationInProgress",
                "DeviceDisabled",
                "DeviceNotRegistered",
                "DeviceActivated"
              ],
              "description": "Value of the element"
            },
            "mode": {
              "type": "string",
              "enum": [
                "Ro"
              ],
              "description": "Mode of the value Ro=ReadOnly Rw=ReadWrite"
            }
          }
        },
        "connection_status": {
          "type": "object",
          "additionalProperties": false,
          "description": "DSP Connection Status Information. Possible values are:\n\n    * Not connected\n    * Connection in progress\n    * Connected\n    * Disconnected\n    * Network unreachable\n    * Bad credentials\n    * Invalid certificate\n",
          "properties": {
            "_id": {
              "type": "string",
              "description": "This is a technical attribute that identifies the instance. It must be unique at the system boundary."
            },
            "name": {
              "type": "string",
              "enum": [
                "DspConnectivity.ConnectionStatus"
              ],
              "description": "This name brings the semantic for the Element.\nEach name brings a specific and unique semantic.\nEach name is unique classwise.\nTwo instances with the same name have the same semantic.\n"
            },
            "value": {
              "type": "string",
              "enum": [
                "NotConnected",
                "ConnectionInProgress",
                "Connected",
                "Disconnected",
                "NetworkUnreachable",
                "BadCredentials",
                "InvalidCertificate"
              ],
              "description": "Value of the element"
            },
            "mode": {
              "type": "string",
              "enum": [
                "Ro"
              ],
              "description": "Mode of the value Ro=ReadOnly Rw=ReadWrite"
            }
          }
        },
        "connection_url": {
          "type": "object",
          "additionalProperties": false,
          "description": "URL of Bootstrap service",
          "properties": {
            "_id": {
              "type": "string",
              "description": "This is a technical attribute that identifies the instance. It must be unique at the system boundary."
            },
            "name": {
              "type": "string",
              "enum": [
                "DspConnectivity.ConnectionUrl"
              ],
              "description": "This name brings the semantic for the Element.\nEach name brings a specific and unique semantic.\nEach name is unique classwise.\nTwo instances with the same name have the same semantic.\n"
            },
            "value": {
              "type": "string",
              "description": "Value of the element"
            },
            "mode": {
              "type": "string",
              "enum": [
                "Ro"
              ],
              "description": "Mode of the value Ro=ReadOnly Rw=ReadWrite"
            }
          }
        },
        "timeserver_url": {
          "type": "object",
          "additionalProperties": false,
          "description": "URL of Time Server",
          "properties": {
            "_id": {
              "type": "string",
              "description": "This is a technical attribute that identifies the instance. It must be unique at the system boundary."
            },
            "name": {
              "type": "string",
              "enum": [
                "DspConnectivity.TimeServerUrl"
              ],
              "description": "This name brings the semantic for the Element.\nEach name brings a specific and unique semantic.\nEach name is unique classwise.\nTwo instances with the same name have the same semantic.\n"
            },
            "value": {
              "type": "string",
              "description": "Value of the element"
            },
            "mode": {
              "type": "string",
              "enum": [
                "Ro"
              ],
              "description": "Mode of the value Ro=ReadOnly Rw=ReadWrite"
            }
          }
        }
      }
    }
  }
}