{
  "$schema": "http://json-schema.org/draft-07/schema#",
  "$id": "iot.modeling.concept/0.3.1/class/iot.modeling.Packages/schema.json",
  "title": "iot.modeling.Packages",
  "type": "object",
  "additionalProperties": false,
  "description": "Class for modeling packages.\nIt will hold the top most important packages that are enough to describe the features embedded in a device.\n",
  "properties": {
    "_id": {
      "type": "string",
      "description": "This is a technical attribute that identifies the instance. It must be unique at the system boundary."
    },
    "name": {
      "type": "string",
      "enum": [
        "Modeling.Packages"
      ],
      "description": "This name brings the semantic for the Element.\nEach name brings a specific and unique semantic.\nEach name is unique classwise.\nTwo instances with the same name have the same semantic.\n"
    },
    "elements": {
      "type": "array",
      "items": {
        "type": "object",
        "additionalProperties": false,
        "description": "This class allows to identify a modeling package.\nA modeling package embeds a part of the general modeling.\n",
        "properties": {
          "_id": {
            "type": "string",
            "description": "This is a technical attribute that identifies the instance. It must be unique at the system boundary."
          },
          "id": {
            "type": "object",
            "additionalProperties": false,
            "description": "Identifier of the modeling package.",
            "properties": {
              "_id": {
                "type": "string",
                "description": "This is a technical attribute that identifies the instance. It must be unique at the system boundary."
              },
              "name": {
                "type": "string",
                "enum": [
                  "Modeling.PackageId"
                ],
                "description": "This name brings the semantic for the Element.\nEach name brings a specific and unique semantic.\nEach name is unique classwise.\nTwo instances with the same name have the same semantic.\n"
              },
              "value": {
                "type": "string",
                "description": "The identifier value"
              },
              "mode": {
                "type": "string",
                "enum": [
                  "Ro"
                ],
                "description": "Mode of the value Ro=ReadOnly Rw=ReadWrite"
              }
            }
          },
          "version": {
            "type": "object",
            "additionalProperties": false,
            "description": "Identifier of the modeling package.",
            "properties": {
              "_id": {
                "type": "string",
                "description": "This is a technical attribute that identifies the instance. It must be unique at the system boundary."
              },
              "name": {
                "type": "string",
                "enum": [
                  "Modeling.PackageVersion"
                ],
                "description": "This name brings the semantic for the Element.\nEach name brings a specific and unique semantic.\nEach name is unique classwise.\nTwo instances with the same name have the same semantic.\n"
              },
              "value": {
                "type": "string",
                "description": "The version as a x.y.z formatted string where:\n\n* x changes on compatibility break.\n* y changes on feature addition or completion.\n* z changes on bug fix.\n\nConsumers of the data model should be prepared for such incremental changes.\nIn particular, they should be prepared to handle attributes and derived types not previously defined.    \n"
              },
              "mode": {
                "type": "string",
                "enum": [
                  "Ro"
                ],
                "description": "Mode of the value Ro=ReadOnly Rw=ReadWrite"
              }
            }
          },
          "scope": {
            "type": "object",
            "additionalProperties": false,
            "description": "Identifier of the modeling package.",
            "properties": {
              "_id": {
                "type": "string",
                "description": "This is a technical attribute that identifies the instance. It must be unique at the system boundary."
              },
              "name": {
                "type": "string",
                "enum": [
                  "Modeling.PackageScope"
                ],
                "description": "This name brings the semantic for the Element.\nEach name brings a specific and unique semantic.\nEach name is unique classwise.\nTwo instances with the same name have the same semantic.\n"
              },
              "value": {
                "type": "string",
                "description": "The scope value"
              },
              "mode": {
                "type": "string",
                "enum": [
                  "Ro"
                ],
                "description": "Mode of the value Ro=ReadOnly Rw=ReadWrite"
              }
            }
          },
          "is_root": {
            "type": "object",
            "additionalProperties": false,
            "description": "Used to indicate if the modeling package is root.\nThe root is the modeling package of the device itself.\nOnly one modeling package can be root.\nMissing attribute stands for non root status.\n",
            "properties": {
              "_id": {
                "type": "string",
                "description": "This is a technical attribute that identifies the instance. It must be unique at the system boundary."
              },
              "name": {
                "type": "string",
                "enum": [
                  "Modeling.PackageIsRoot"
                ],
                "description": "This name brings the semantic for the Element.\nEach name brings a specific and unique semantic.\nEach name is unique classwise.\nTwo instances with the same name have the same semantic.\n"
              },
              "value": {
                "type": "boolean",
                "description": "The status for \"is root\""
              },
              "mode": {
                "type": "string",
                "enum": [
                  "Ro"
                ],
                "description": "Mode of the value Ro=ReadOnly Rw=ReadWrite"
              }
            }
          }
        }
      }
    }
  }
}