{
  "$schema": "http://json-schema.org/draft-07/schema#",
  "$id": "iot.diagnostic.concept/0.2.0/class/iot.diagnostic.HealthState/schema.json",
  "title": "iot.diagnostic.HealthState",
  "type": "object",
  "additionalProperties": false,
  "description": "Indicates the health state of the device.\nPossible health state are:\n\n  * Nominal:  The considered device is working according to its requirements, all its performance are fulfilled.\n  * LostOfRedundancy: The considered device is working according to its requirements, all its performance are fulfilled. But a redundant function has lost its redundancy.\n  * Degraded: The considered device does not fulfill some non mandatory requirements, or has degraded performance.\n  * OutOfOrder: The considered device does not perform some of its mandatory requirements.\n",
  "properties": {
    "_id": {
      "type": "string",
      "description": "This is a technical attribute that identifies the instance. It must be unique at the system boundary."
    },
    "name": {
      "type": "string",
      "enum": [
        "Diagnostic.HealthState"
      ],
      "description": "This name brings the semantic for the Element.\nEach name brings a specific and unique semantic.\nEach name is unique classwise.\nTwo instances with the same name have the same semantic.\n"
    },
    "value": {
      "type": "string",
      "enum": [
        "Nominal",
        "LostOfRedundancy",
        "Degraded",
        "OutOfOrder"
      ],
      "description": "Value of the element"
    },
    "mode": {
      "type": "string",
      "enum": [
        "Ro"
      ],
      "description": "Mode of the value Ro=ReadOnly Rw=ReadWrite"
    }
  }
}