{
  "$schema": "http://json-schema.org/draft-07/schema#",
  "$id": "iot.modeling.concept/0.3.1/class/iot.modeling.PackageVersion/schema.json",
  "title": "iot.modeling.PackageVersion",
  "type": "object",
  "additionalProperties": false,
  "description": "Class for modeling package version.\n",
  "properties": {
    "_id": {
      "type": "string",
      "description": "This is a technical attribute that identifies the instance. It must be unique at the system boundary."
    },
    "name": {
      "type": "string",
      "enum": [
        "Modeling.PackageVersion"
      ],
      "description": "This name brings the semantic for the Element.\nEach name brings a specific and unique semantic.\nEach name is unique classwise.\nTwo instances with the same name have the same semantic.\n"
    },
    "value": {
      "type": "string",
      "description": "The version as a x.y.z formatted string where:\n\n* x changes on compatibility break.\n* y changes on feature addition or completion.\n* z changes on bug fix.\n\nConsumers of the data model should be prepared for such incremental changes.\nIn particular, they should be prepared to handle attributes and derived types not previously defined.    \n"
    },
    "mode": {
      "type": "string",
      "enum": [
        "Ro"
      ],
      "description": "Mode of the value Ro=ReadOnly Rw=ReadWrite"
    }
  }
}