{
  "$schema": "http://json-schema.org/draft-07/schema#",
  "$id": "iot.firmware.concept/0.2.1/class/iot.firmware.update.UpdateServiceParameters/schema.json",
  "title": "iot.firmware.update.UpdateServiceParameters",
  "type": "object",
  "additionalProperties": false,
  "description": "Parameters for Update Firmware Service",
  "properties": {
    "_id": {
      "type": "string",
      "description": "This is a technical attribute that identifies the instance. It must be unique at the system boundary."
    },
    "action": {
      "type": "string",
      "enum": [
        "Start",
        "Stop"
      ],
      "description": "Action to be performed by the Update Firmware Service: either Start or Stop.\n"
    }
  }
}