{
  "$schema": "http://json-schema.org/draft-07/schema#",
  "$id": "iot.io_block.concept/0.10.0/class/iot.io_equipment.AddCustomIoDeviceServiceParameters/schema.json",
  "title": "iot.io_equipment.AddCustomIoDeviceServiceParameters",
  "type": "object",
  "additionalProperties": false,
  "description": "Parameters of the Add Custom Io Device Service Parameters",
  "properties": {
    "_id": {
      "type": "string",
      "description": "This is a technical attribute that identifies the instance. It must be unique at the system boundary."
    },
    "pin_configuration": {
      "type": "array",
      "items": {
        "type": "object",
        "additionalProperties": false,
        "description": "Pin configuration parameters",
        "properties": {
          "_id": {
            "type": "string",
            "description": "This is a technical attribute that identifies the instance. It must be unique at the system boundary."
          },
          "pin_name": {
            "type": "string",
            "description": "Name of the pin"
          },
          "pin_type": {
            "type": "string",
            "enum": [
              "DigitalInput",
              "DigitalOutput"
            ],
            "description": "Type of the pin"
          },
          "pin_mode": {
            "type": "string",
            "enum": [
              "Pulse",
              "Status",
              "ImpulseRelay"
            ],
            "description": "Mode of the pin"
          }
        }
      },
      "description": "Pin configuration parameters of the Add Custom Io Device Service"
    }
  }
}