{
  "$schema": "http://json-schema.org/draft-07/schema#",
  "$id": "iot.modbus.concept/0.12.0/class/iot.modbus.serial.master.AddDeviceParameters/schema.json",
  "title": "iot.modbus.serial.master.AddDeviceParameters",
  "type": "object",
  "additionalProperties": false,
  "description": "Contains parameters of service to add device",
  "properties": {
    "_id": {
      "type": "string",
      "description": "This is a technical attribute that identifies the instance. It must be unique at the system boundary."
    },
    "modeling_package_id": {
      "type": "string",
      "enum": [
        "iem2050.device",
        "iem2055.device",
        "iem2150.device",
        "iem2155.device",
        "iem3150.device",
        "iem3155.device",
        "iem3250.device",
        "iem3255.device",
        "iem3350.device",
        "iem3355.device",
        "iem3455.device",
        "iem3555.device",
        "pm3250.device",
        "pm3255.device",
        "pm5110.device",
        "pm5111.device"
      ],
      "description": "Identifier of the modeling package of the device"
    },
    "slave_id": {
      "type": "number",
      "minimum": 1,
      "maximum": 247,
      "description": "Slave ID of the serial device to add, must be between 1 and 247"
    }
  }
}