{
  "$schema": "http://json-schema.org/draft-07/schema#",
  "$id": "iot.environment_simulation.concept/0.2.0/class/iot.environment_simulation.Function/schema.json",
  "title": "iot.environment_simulation.Function",
  "type": "object",
  "additionalProperties": false,
  "description": "Manages environment simulation aspect. Points to all supported electrical measurements. Please be aware that these feature may not follow the IoT context rules. This is because environment are only for test purpose",
  "properties": {
    "_id": {
      "type": "string",
      "description": "This is a technical attribute that identifies the instance. It must be unique at the system boundary."
    },
    "name": {
      "type": "string",
      "enum": [
        "EnvironmentSimulation.Function"
      ],
      "description": "The name of a function is restricted to following rule: it must end with \".Function\".\nThis allows to easily discriminate functions from the other classes.\n"
    }
  }
}