{
  "$schema": "http://json-schema.org/draft-07/schema#",
  "$id": "iot.io_pulse.concept/0.5.0/class/iot.io_pulse.SettingsElements/schema.json",
  "title": "iot.io_pulse.SettingsElements",
  "type": "object",
  "additionalProperties": false,
  "description": "IoPulse Settings elements.",
  "properties": {
    "_id": {
      "type": "string",
      "description": "This is a technical attribute that identifies the instance. It must be unique at the system boundary."
    },
    "count_element": {
      "type": "object",
      "additionalProperties": false,
      "description": "Count element monitored by the IO pulse",
      "properties": {
        "_id": {
          "type": "string",
          "description": "This is a technical attribute that identifies the instance. It must be unique at the system boundary."
        },
        "name": {
          "type": "string",
          "enum": [
            "IoPulse.CountElement"
          ],
          "description": "This name brings the semantic for the Element.\nEach name brings a specific and unique semantic.\nEach name is unique classwise.\nTwo instances with the same name have the same semantic.\n"
        },
        "value": {
          "type": "string",
          "description": "Value of the element"
        },
        "mode": {
          "type": "string",
          "enum": [
            "Rw"
          ],
          "description": "Mode of the value Ro=ReadOnly Rw=ReadWrite"
        },
        "locked": {
          "type": "boolean",
          "description": "True if the value can't be modified"
        },
        "enum": {
          "type": "array",
          "items": {
            "type": "string",
            "enum": [
              "ElectricalMeasurement.Delivered+ReceivedActiveEnergyPhsA",
              "ElectricalMeasurement.Delivered+ReceivedActiveEnergyPhsB",
              "ElectricalMeasurement.Delivered+ReceivedActiveEnergyPhsC",
              "ElectricalMeasurement.Delivered-ReceivedActiveEnergyPhsA",
              "ElectricalMeasurement.Delivered-ReceivedActiveEnergyPhsB",
              "ElectricalMeasurement.Delivered-ReceivedActiveEnergyPhsC",
              "ElectricalMeasurement.DeliveredActiveEnergyPhsA",
              "ElectricalMeasurement.DeliveredActiveEnergyPhsB",
              "ElectricalMeasurement.DeliveredActiveEnergyPhsC",
              "ElectricalMeasurement.ReceivedActiveEnergyPhsA",
              "ElectricalMeasurement.ReceivedActiveEnergyPhsB",
              "ElectricalMeasurement.ReceivedActiveEnergyPhsC",
              "ElectricalMeasurement.TotalDelivered+ReceivedActiveEnergy",
              "ElectricalMeasurement.TotalDelivered-ReceivedActiveEnergy",
              "ElectricalMeasurement.TotalDeliveredActiveEnergy",
              "ElectricalMeasurement.TotalReceivedActiveEnergy",
              "ElectricalMeasurement.Delivered+ReceivedApparentEnergyPhsA",
              "ElectricalMeasurement.Delivered+ReceivedApparentEnergyPhsB",
              "ElectricalMeasurement.Delivered+ReceivedApparentEnergyPhsC",
              "ElectricalMeasurement.Delivered-ReceivedApparentEnergyPhsA",
              "ElectricalMeasurement.Delivered-ReceivedApparentEnergyPhsB",
              "ElectricalMeasurement.Delivered-ReceivedApparentEnergyPhsC",
              "ElectricalMeasurement.DeliveredApparentEnergyPhsA",
              "ElectricalMeasurement.DeliveredApparentEnergyPhsB",
              "ElectricalMeasurement.DeliveredApparentEnergyPhsC",
              "ElectricalMeasurement.ReceivedApparentEnergyPhsA",
              "ElectricalMeasurement.ReceivedApparentEnergyPhsB",
              "ElectricalMeasurement.ReceivedApparentEnergyPhsC",
              "ElectricalMeasurement.TotalDelivered+ReceivedApparentEnergy",
              "ElectricalMeasurement.TotalDelivered-ReceivedApparentEnergy",
              "ElectricalMeasurement.TotalDeliveredApparentEnergy",
              "ElectricalMeasurement.TotalReceivedApparentEnergy",
              "ElectricalMeasurement.Delivered+ReceivedReactiveEnergyPhsA",
              "ElectricalMeasurement.Delivered+ReceivedReactiveEnergyPhsB",
              "ElectricalMeasurement.Delivered+ReceivedReactiveEnergyPhsC",
              "ElectricalMeasurement.Delivered-ReceivedReactiveEnergyPhsA",
              "ElectricalMeasurement.Delivered-ReceivedReactiveEnergyPhsB",
              "ElectricalMeasurement.Delivered-ReceivedReactiveEnergyPhsC",
              "ElectricalMeasurement.DeliveredReactiveEnergyPhsA",
              "ElectricalMeasurement.DeliveredReactiveEnergyPhsB",
              "ElectricalMeasurement.DeliveredReactiveEnergyPhsC",
              "ElectricalMeasurement.ReceivedReactiveEnergyPhsA",
              "ElectricalMeasurement.ReceivedReactiveEnergyPhsB",
              "ElectricalMeasurement.ReceivedReactiveEnergyPhsC",
              "ElectricalMeasurement.TotalDelivered+ReceivedReactiveEnergy",
              "ElectricalMeasurement.TotalDelivered-ReceivedReactiveEnergy",
              "ElectricalMeasurement.TotalDeliveredReactiveEnergy",
              "ElectricalMeasurement.TotalReceivedReactiveEnergy",
              "WaterVolume",
              "GasVolume",
              "HeatEnergy",
              "ChilledWater"
            ]
          },
          "description": "Collection of all possible values for the \"value\" attribute"
        }
      }
    },
    "count_element_unit": {
      "type": "object",
      "additionalProperties": false,
      "description": "Unit of the count element monitored by the IO pulse. The unit should be compatible with the count element.",
      "properties": {
        "_id": {
          "type": "string",
          "description": "This is a technical attribute that identifies the instance. It must be unique at the system boundary."
        },
        "name": {
          "type": "string",
          "enum": [
            "IoPulse.CountElementUnit"
          ],
          "description": "This name brings the semantic for the Element.\nEach name brings a specific and unique semantic.\nEach name is unique classwise.\nTwo instances with the same name have the same semantic.\n"
        },
        "value": {
          "type": "string",
          "description": "Value of the element"
        },
        "mode": {
          "type": "string",
          "enum": [
            "Rw"
          ],
          "description": "Mode of the value Ro=ReadOnly Rw=ReadWrite"
        },
        "locked": {
          "type": "boolean",
          "description": "True if the value can't be modified"
        },
        "enum": {
          "type": "array",
          "items": {
            "type": "string",
            "enum": [
              "Wh",
              "VArh",
              "VAh",
              "m³",
              "J",
              "BTUISO"
            ]
          },
          "description": "Collection of all possible values for the \"value\" attribute"
        }
      }
    },
    "pulse_weight": {
      "type": "object",
      "additionalProperties": false,
      "description": "Each time a pulse is emitted, the value of the measurement associated to the pin should be increased by this amount.\nThe unit is the same that the one associated to the IoPulse.CountElementUnit.\nThis value can be either constrained by a range or by an enumeration depending on the device.\nIf the enumeration is not provided then the pulse weight is constrained by the min and max parameters. \n",
      "properties": {
        "_id": {
          "type": "string",
          "description": "This is a technical attribute that identifies the instance. It must be unique at the system boundary."
        },
        "name": {
          "type": "string",
          "enum": [
            "IoPulse.PulseWeight"
          ],
          "description": "This name brings the semantic for the Element.\nEach name brings a specific and unique semantic.\nEach name is unique classwise.\nTwo instances with the same name have the same semantic.\n"
        },
        "value": {
          "type": "number",
          "description": "Value of the element"
        },
        "mode": {
          "type": "string",
          "enum": [
            "Rw"
          ],
          "description": "Mode of the value Ro=ReadOnly Rw=ReadWrite"
        },
        "locked": {
          "type": "boolean",
          "description": "True if the value can't be modified"
        },
        "min": {
          "type": "number",
          "description": "Used to specify the minimum for a numerical value. Interval of range is: [min, max]."
        },
        "max": {
          "type": "number",
          "description": "Used to specify the maximum for a numerical value. Interval of range is: [min, max]."
        },
        "step": {
          "type": "number"
        },
        "enum": {
          "type": "array",
          "items": {
            "type": "number"
          }
        }
      }
    },
    "flow_element": {
      "type": "object",
      "additionalProperties": false,
      "description": "Flow element monitored by the IO pulse. \nThe flow element should be compatible with the count element. \nFor example if the count element selected is ElectricalMeasurement.TotalDeliveredActiveEnergy then the flow element should be ElectricalMeasurement.TotalRmsActivePower.\n",
      "properties": {
        "_id": {
          "type": "string",
          "description": "This is a technical attribute that identifies the instance. It must be unique at the system boundary."
        },
        "name": {
          "type": "string",
          "enum": [
            "IoPulse.FlowElement"
          ],
          "description": "This name brings the semantic for the Element.\nEach name brings a specific and unique semantic.\nEach name is unique classwise.\nTwo instances with the same name have the same semantic.\n"
        },
        "value": {
          "type": "string",
          "description": "Value of the element"
        },
        "mode": {
          "type": "string",
          "enum": [
            "Rw"
          ],
          "description": "Mode of the value Ro=ReadOnly Rw=ReadWrite"
        },
        "locked": {
          "type": "boolean",
          "description": "True if the value can't be modified"
        },
        "enum": {
          "type": "array",
          "items": {
            "type": "string",
            "enum": [
              "ElectricalMeasurement.RmsActivePowerPhsA",
              "ElectricalMeasurement.RmsActivePowerPhsB",
              "ElectricalMeasurement.RmsActivePowerPhsC",
              "ElectricalMeasurement.TotalRmsActivePower",
              "ElectricalMeasurement.RmsApparentPowerPhsA",
              "ElectricalMeasurement.RmsApparentPowerPhsB",
              "ElectricalMeasurement.RmsApparentPowerPhsC",
              "ElectricalMeasurement.TotalRmsApparentPower",
              "ElectricalMeasurement.RmsReactivePowerPhsA",
              "ElectricalMeasurement.RmsReactivePowerPhsB",
              "ElectricalMeasurement.RmsReactivePowerPhsC",
              "ElectricalMeasurement.TotalRmsReactivePower",
              "WaterFlowRate",
              "GasFlowRate",
              "HeatPower",
              "ChilledPower"
            ]
          },
          "description": "Collection of all possible values for the \"value\" attribute"
        }
      }
    },
    "flow_element_unit": {
      "type": "object",
      "additionalProperties": false,
      "description": "Unit of the flow element monitored by the IO pulse. The unit should be compatible with the flow element.",
      "properties": {
        "_id": {
          "type": "string",
          "description": "This is a technical attribute that identifies the instance. It must be unique at the system boundary."
        },
        "name": {
          "type": "string",
          "enum": [
            "IoPulse.FlowElementUnit"
          ],
          "description": "This name brings the semantic for the Element.\nEach name brings a specific and unique semantic.\nEach name is unique classwise.\nTwo instances with the same name have the same semantic.\n"
        },
        "value": {
          "type": "string",
          "description": "Value of the element"
        },
        "mode": {
          "type": "string",
          "enum": [
            "Rw"
          ],
          "description": "Mode of the value Ro=ReadOnly Rw=ReadWrite"
        },
        "locked": {
          "type": "boolean",
          "description": "True if the value can't be modified"
        },
        "enum": {
          "type": "array",
          "items": {
            "type": "string",
            "enum": [
              "W",
              "VAr",
              "VA",
              "m³/s",
              "BTUISO/h"
            ]
          },
          "description": "Collection of all possible values for the \"value\" attribute"
        }
      }
    }
  }
}