{
  "$schema": "http://json-schema.org/draft-07/schema#",
  "$id": "iot.base.concept/0.15.6/class/iot.base.component.IotSystem/schema.json",
  "title": "iot.base.component.IotSystem",
  "type": "object",
  "additionalProperties": false,
  "description": "Describes the IoT system which is a the top of the component hierarchy. Only one IoT system should be present",
  "properties": {
    "_id": {
      "type": "string",
      "description": "This is a technical attribute that identifies the instance. It must be unique at the system boundary."
    },
    "name": {
      "type": "string",
      "enum": [
        "IotSystem.Component"
      ],
      "description": "The name of the component is \"IotSystem.Component\" and cannot be changed.\nThis allows to easily discriminate devices from the other components.\nOnly one IotBridgeSystem may be present at a time in a model.\n"
    }
  }
}