{
  "$schema": "http://json-schema.org/draft-07/schema#",
  "$id": "iot.networking.ethernet.concept/0.4.0/class/iot.networking.ethernet.DplxTxMode/schema.json",
  "title": "iot.networking.ethernet.DplxTxMode",
  "type": "object",
  "additionalProperties": false,
  "description": "Duplex transmission mode. Allows to define communication direction between the device and a connected third part. The possible values are: \n\n* Auto-negociation: Enables devices to automatically exchange information over a link about speed and duplex abilities. \n* HalfDuplex: Both devices communicate with each other simultaneously.\n* FullDuplex: Both devices communicate with each other, but not simultaneously.\n\nAn invocation of the Networking.ConfigurationManagement.Service is required to apply this setting.\n",
  "properties": {
    "_id": {
      "type": "string",
      "description": "This is a technical attribute that identifies the instance. It must be unique at the system boundary."
    },
    "name": {
      "type": "string",
      "enum": [
        "Ethernet.DplxTxMode"
      ],
      "description": "This name brings the semantic for the Element.\nEach name brings a specific and unique semantic.\nEach name is unique classwise.\nTwo instances with the same name have the same semantic.\n"
    },
    "value": {
      "type": "string",
      "description": "Value of the element"
    },
    "mode": {
      "type": "string",
      "enum": [
        "Rw"
      ],
      "description": "Mode of the value Ro=ReadOnly Rw=ReadWrite"
    },
    "locked": {
      "type": "boolean",
      "description": "True if the value can't be modified"
    },
    "enum": {
      "type": "array",
      "items": {
        "type": "string",
        "enum": [
          "Auto-negociation",
          "HalfDuplex",
          "FullDuplex"
        ]
      },
      "description": "Collection of all possible values for the \"value\" attribute"
    }
  }
}