{
  "$schema": "http://json-schema.org/draft-07/schema#",
  "$id": "iot.modbus.concept/0.12.0/class/iot.modbus.tcp.client.AddDeviceService/schema.json",
  "title": "iot.modbus.tcp.client.AddDeviceService",
  "type": "object",
  "additionalProperties": false,
  "description": "Service to add a Modbus device.",
  "properties": {
    "_id": {
      "type": "string",
      "description": "This is a technical attribute that identifies the instance. It must be unique at the system boundary."
    },
    "name": {
      "type": "string",
      "enum": [
        "ModbusTcpClient.AddDevice.Service"
      ]
    },
    "parameters": {
      "type": "object",
      "additionalProperties": false,
      "description": "Contains parameters of service to add device",
      "properties": {
        "_id": {
          "type": "string",
          "description": "This is a technical attribute that identifies the instance. It must be unique at the system boundary."
        },
        "modeling_package_id": {
          "type": "string",
          "enum": [

          ],
          "description": "Identifier of the modeling package of the device"
        },
        "ip": {
          "type": "number",
          "description": "Ip address of the Modbus device to add"
        },
        "port": {
          "type": "number",
          "minimum": 0,
          "maximum": 65535,
          "description": "Port of the device to add"
        }
      }
    },
    "parameters_info": {
      "type": "object",
      "additionalProperties": false,
      "description": "Provides information about the attributes of the add device service",
      "properties": {
        "_id": {
          "type": "string",
          "description": "This is a technical attribute that identifies the instance. It must be unique at the system boundary."
        },
        "modeling_package_id": {
          "type": "object",
          "additionalProperties": false,
          "description": "Describes the list of device modeling package id for the Add Device Service of modbus client",
          "properties": {
            "_id": {
              "type": "string",
              "description": "This is a technical attribute that identifies the instance. It must be unique at the system boundary."
            },
            "enum": {
              "type": "array",
              "items": {
                "type": "string"
              }
            }
          }
        },
        "port": {
          "type": "object",
          "additionalProperties": false,
          "description": "Describes the range of port of the Add Device Service of modbus client, between 0 and 65535",
          "properties": {
            "_id": {
              "type": "string",
              "description": "This is a technical attribute that identifies the instance. It must be unique at the system boundary."
            },
            "min": {
              "type": "number"
            },
            "max": {
              "type": "number"
            }
          }
        }
      }
    },
    "exception": {
      "type": "object",
      "additionalProperties": false,
      "description": "Exception raised in case of failure \n",
      "properties": {
        "_id": {
          "type": "string",
          "description": "This is a technical attribute that identifies the instance. It must be unique at the system boundary."
        },
        "topic": {
          "type": "string",
          "description": "Topic for the exception. This could be either a standard or a custom topic.\nUsing standard topics eases the integration with remote applications.\nThis class can be specialized in order to bring additional content that can help to diagnose the problem.\n"
        }
      }
    }
  }
}