{
  "$schema": "http://json-schema.org/draft-07/schema#",
  "$id": "iot.io_pulse.concept/0.5.0/class/iot.io_pulse.PulseWeight/schema.json",
  "title": "iot.io_pulse.PulseWeight",
  "type": "object",
  "additionalProperties": false,
  "description": "Each time a pulse is emitted, the value of the measurement associated to the pin should be increased by this amount.\nThe unit is the same that the one associated to the IoPulse.CountElementUnit.\nThis value can be either constrained by a range or by an enumeration depending on the device.\nIf the enumeration is not provided then the pulse weight is constrained by the min and max parameters. \n",
  "properties": {
    "_id": {
      "type": "string",
      "description": "This is a technical attribute that identifies the instance. It must be unique at the system boundary."
    },
    "name": {
      "type": "string",
      "enum": [
        "IoPulse.PulseWeight"
      ],
      "description": "This name brings the semantic for the Element.\nEach name brings a specific and unique semantic.\nEach name is unique classwise.\nTwo instances with the same name have the same semantic.\n"
    },
    "value": {
      "type": "number",
      "description": "Value of the element"
    },
    "mode": {
      "type": "string",
      "enum": [
        "Rw"
      ],
      "description": "Mode of the value Ro=ReadOnly Rw=ReadWrite"
    },
    "locked": {
      "type": "boolean",
      "description": "True if the value can't be modified"
    },
    "min": {
      "type": "number",
      "description": "Used to specify the minimum for a numerical value. Interval of range is: [min, max]."
    },
    "max": {
      "type": "number",
      "description": "Used to specify the maximum for a numerical value. Interval of range is: [min, max]."
    },
    "step": {
      "type": "number"
    },
    "enum": {
      "type": "array",
      "items": {
        "type": "number"
      }
    }
  }
}