{
  "$schema": "http://json-schema.org/draft-07/schema#",
  "$id": "iot.firmware.concept/0.2.1/class/iot.firmware.Deployment/schema.json",
  "title": "iot.firmware.Deployment",
  "type": "object",
  "additionalProperties": false,
  "description": "Specifies how a firmware module is deployed:\n\n  * Add-on: the application is not part of the main firmware module and can be deployed independently.\n  * Built-in: the application is part of the main firmware module and cannot be added/removed independently.\n",
  "properties": {
    "_id": {
      "type": "string",
      "description": "This is a technical attribute that identifies the instance. It must be unique at the system boundary."
    },
    "name": {
      "type": "string",
      "enum": [
        "Firmware.Deployment"
      ],
      "description": "This name brings the semantic for the Element.\nEach name brings a specific and unique semantic.\nEach name is unique classwise.\nTwo instances with the same name have the same semantic.\n"
    },
    "value": {
      "type": "string",
      "enum": [
        "Add-on",
        "Built-in"
      ],
      "description": "Value of the element"
    },
    "mode": {
      "type": "string",
      "enum": [
        "Ro"
      ],
      "description": "Mode of the value Ro=ReadOnly Rw=ReadWrite"
    }
  }
}