{
  "$schema": "http://json-schema.org/draft-07/schema#",
  "$id": "iot.modbus.concept/0.12.0/class/iot.modbus.tcp.client.PortInfo/schema.json",
  "title": "iot.modbus.tcp.client.PortInfo",
  "type": "object",
  "additionalProperties": false,
  "description": "Describes the range of port of the Add Device Service of modbus client, between 0 and 65535",
  "properties": {
    "_id": {
      "type": "string",
      "description": "This is a technical attribute that identifies the instance. It must be unique at the system boundary."
    },
    "min": {
      "type": "number"
    },
    "max": {
      "type": "number"
    }
  }
}