{
  "$schema": "http://json-schema.org/draft-07/schema#",
  "$id": "iot.firmware.concept/0.2.1/class/iot.firmware.update.VerificationStatus/schema.json",
  "title": "iot.firmware.update.VerificationStatus",
  "type": "object",
  "additionalProperties": false,
  "description": "Status describing the verification of the authenticity and the integrity of update data package.",
  "properties": {
    "_id": {
      "type": "string",
      "description": "This is a technical attribute that identifies the instance. It must be unique at the system boundary."
    },
    "name": {
      "type": "string",
      "enum": [
        "FirmwareUpdate.VerificationStatus"
      ],
      "description": "This name brings the semantic for the Element.\nEach name brings a specific and unique semantic.\nEach name is unique classwise.\nTwo instances with the same name have the same semantic.\n"
    },
    "value": {
      "type": "string",
      "enum": [
        "AuthenticationFailure",
        "IntegrityFailure",
        "CompatibilityFailure",
        "InProgress",
        "Success",
        "NotStarted"
      ],
      "description": "Value of the element"
    },
    "mode": {
      "type": "string",
      "enum": [
        "Ro"
      ],
      "description": "Mode of the value Ro=ReadOnly Rw=ReadWrite"
    }
  }
}