{
  "$schema": "http://json-schema.org/draft-07/schema#",
  "$id": "iot.modbus.concept/0.12.0/class/iot.modbus.tcp.client.AddDeviceParametersInfo/schema.json",
  "title": "iot.modbus.tcp.client.AddDeviceParametersInfo",
  "type": "object",
  "additionalProperties": false,
  "description": "Provides information about the attributes of the add device service",
  "properties": {
    "_id": {
      "type": "string",
      "description": "This is a technical attribute that identifies the instance. It must be unique at the system boundary."
    },
    "modeling_package_id": {
      "type": "object",
      "additionalProperties": false,
      "description": "Describes the list of device modeling package id for the Add Device Service of modbus client",
      "properties": {
        "_id": {
          "type": "string",
          "description": "This is a technical attribute that identifies the instance. It must be unique at the system boundary."
        },
        "enum": {
          "type": "array",
          "items": {
            "type": "string"
          }
        }
      }
    },
    "port": {
      "type": "object",
      "additionalProperties": false,
      "description": "Describes the range of port of the Add Device Service of modbus client, between 0 and 65535",
      "properties": {
        "_id": {
          "type": "string",
          "description": "This is a technical attribute that identifies the instance. It must be unique at the system boundary."
        },
        "min": {
          "type": "number"
        },
        "max": {
          "type": "number"
        }
      }
    }
  }
}