{
  "$schema": "http://json-schema.org/draft-07/schema#",
  "$id": "iot.networking.ethernet.concept/0.4.0/class/iot.networking.ethernet.PortDiagResetService/schema.json",
  "title": "iot.networking.ethernet.PortDiagResetService",
  "type": "object",
  "additionalProperties": false,
  "description": "Defines a reset service for diagnostics associated to a port\n",
  "properties": {
    "_id": {
      "type": "string",
      "description": "This is a technical attribute that identifies the instance. It must be unique at the system boundary."
    },
    "name": {
      "type": "string",
      "enum": [
        "Ethernet.PortDiagReset.Service"
      ]
    },
    "exception": {
      "type": "object",
      "additionalProperties": false,
      "description": "An exception can be returned in case of service execution failure.",
      "properties": {
        "_id": {
          "type": "string",
          "description": "This is a technical attribute that identifies the instance. It must be unique at the system boundary."
        },
        "topic": {
          "type": "string",
          "description": "Topic for the exception. This could be either a standard or a custom topic.\nUsing standard topics eases the integration with remote applications.\nThis class can be specialized in order to bring additional content that can help to diagnose the problem.\n"
        }
      }
    }
  }
}