{
  "$schema": "http://json-schema.org/draft-07/schema#",
  "$id": "iot.io_block.concept/0.10.0/class/iot.io_connection.Function/schema.json",
  "title": "iot.io_connection.Function",
  "type": "object",
  "additionalProperties": false,
  "description": "Manages IO connection. It allows to connect and/or disconnect two pins in the entire System.\nIf the System needs this function, it MUST be added under the IotSystem.Component with the *has_function* relation.\n",
  "properties": {
    "_id": {
      "type": "string",
      "description": "This is a technical attribute that identifies the instance. It must be unique at the system boundary."
    },
    "name": {
      "type": "string",
      "enum": [
        "IoConnection.Function"
      ],
      "description": "The name of a function is restricted to following rule: it must end with \".Function\".\nThis allows to easily discriminate functions from the other classes.\n"
    }
  }
}