{
  "$schema": "http://json-schema.org/draft-07/schema#",
  "$id": "iot.measurement_management.concept/0.7.0/class/iot.measurement.electrical.EnergyAccumulationMode/schema.json",
  "title": "iot.measurement.electrical.EnergyAccumulationMode",
  "type": "object",
  "additionalProperties": false,
  "description": "Allows to select the accumulation mode for energy. \nThe following settings are available:\n\n  * Signed: This means that the accumulated energy value of the product is equals to the energy delivered minus the energy received.\n  * Unsigned: This means that the accumulated energy value of the product is equals to the energy delivered plus the energy received. This configuration is also called absolute.\n\nThis is used mostly in device were signed and unsigned accumulation value are not supported simultaneously.\nThe following measurement can be affected and should be connected to this settings when necessary:\n\n  * ElectricalMeasurement.TotalDelivered-ReceivedActiveEnergy\n  * ElectricalMeasurement.TotalDelivered-ReceivedReactiveEnergy\n  * ElectricalMeasurement.TotalDelivered+ReceivedActiveEnergy\n  * ElectricalMeasurement.TotalDelivered+ReceivedReactiveEnergy\n",
  "properties": {
    "_id": {
      "type": "string",
      "description": "This is a technical attribute that identifies the instance. It must be unique at the system boundary."
    },
    "name": {
      "type": "string",
      "enum": [
        "MeasurementManagement.EnergyAccumulationMode"
      ],
      "description": "This name brings the semantic for the Element.\nEach name brings a specific and unique semantic.\nEach name is unique classwise.\nTwo instances with the same name have the same semantic.\n"
    },
    "value": {
      "type": "string",
      "description": "Value of the element"
    },
    "mode": {
      "type": "string",
      "enum": [
        "Rw"
      ],
      "description": "Mode of the value Ro=ReadOnly Rw=ReadWrite"
    },
    "locked": {
      "type": "boolean",
      "description": "True if the value can't be modified"
    },
    "enum": {
      "type": "array",
      "items": {
        "type": "string",
        "enum": [
          "Signed",
          "Unsigned"
        ]
      },
      "description": "Collection of all possible values for the \"value\" attribute"
    }
  }
}