{
  "$schema": "http://json-schema.org/draft-07/schema#",
  "$id": "iot.modbus.concept/0.12.0/class/iot.modbus.serial.master.AddDeviceParametersInfo/schema.json",
  "title": "iot.modbus.serial.master.AddDeviceParametersInfo",
  "type": "object",
  "additionalProperties": false,
  "description": "Provides information about the attributes of the add device service",
  "properties": {
    "_id": {
      "type": "string",
      "description": "This is a technical attribute that identifies the instance. It must be unique at the system boundary."
    },
    "slave_id": {
      "type": "object",
      "additionalProperties": false,
      "description": "attribute Slave ID",
      "properties": {
        "_id": {
          "type": "string",
          "description": "This is a technical attribute that identifies the instance. It must be unique at the system boundary."
        },
        "min": {
          "type": "number"
        },
        "max": {
          "type": "number"
        }
      }
    },
    "modeling_package_id": {
      "type": "object",
      "additionalProperties": false,
      "description": "Describes the list of device modeling package id for the Add Device Service of modbus master",
      "properties": {
        "_id": {
          "type": "string",
          "description": "This is a technical attribute that identifies the instance. It must be unique at the system boundary."
        },
        "enum": {
          "type": "array",
          "items": {
            "type": "string"
          }
        }
      }
    }
  }
}