{
  "$schema": "http://json-schema.org/draft-07/schema#",
  "$id": "iot.io_block.concept/0.10.0/class/iot.io_block.UpperRange/schema.json",
  "title": "iot.io_block.UpperRange",
  "type": "object",
  "additionalProperties": false,
  "description": "When the value of the measurement associated to the counter reach this threshold, then the value should be set to 0.0 (or 0 depending on the measurement) to indicate that the upper range limit has been reached. \nIf the value of this attribute is set to 0.0 then the counter never rolls back to zero by itself.\n",
  "properties": {
    "_id": {
      "type": "string",
      "description": "This is a technical attribute that identifies the instance. It must be unique at the system boundary."
    },
    "name": {
      "type": "string",
      "enum": [
        "IoBlock.UpperRange"
      ],
      "description": "This name brings the semantic for the Element.\nEach name brings a specific and unique semantic.\nEach name is unique classwise.\nTwo instances with the same name have the same semantic.\n"
    },
    "value": {
      "type": "number",
      "description": "Value of the element"
    },
    "mode": {
      "type": "string",
      "enum": [
        "Rw"
      ],
      "description": "Mode of the value Ro=ReadOnly Rw=ReadWrite"
    },
    "locked": {
      "type": "boolean",
      "description": "True if the value can't be modified"
    },
    "min": {
      "type": "number",
      "description": "Used to specify the minimum for a numerical value. Interval of range is: [min, max]."
    },
    "max": {
      "type": "number",
      "description": "Used to specify the maximum for a numerical value. Interval of range is: [min, max]."
    }
  }
}