{
  "$schema": "http://json-schema.org/draft-07/schema#",
  "$id": "iot.firmware.concept/0.2.1/class/iot.firmware.update.ModuleInformation/schema.json",
  "title": "iot.firmware.update.ModuleInformation",
  "type": "object",
  "additionalProperties": false,
  "description": "Information about firmware update per Module.",
  "properties": {
    "_id": {
      "type": "string",
      "description": "This is a technical attribute that identifies the instance. It must be unique at the system boundary."
    },
    "name": {
      "type": "string",
      "enum": [
        "FirmwareUpdate.ModuleInformation"
      ]
    },
    "elements": {
      "type": "object",
      "additionalProperties": false,
      "description": "Firmware Update Module Information Elements .",
      "properties": {
        "_id": {
          "type": "string",
          "description": "This is a technical attribute that identifies the instance. It must be unique at the system boundary."
        },
        "verification_status": {
          "type": "object",
          "additionalProperties": false,
          "description": "Status describing the verification of the authenticity and the integrity of update data package.",
          "properties": {
            "_id": {
              "type": "string",
              "description": "This is a technical attribute that identifies the instance. It must be unique at the system boundary."
            },
            "name": {
              "type": "string",
              "enum": [
                "FirmwareUpdate.VerificationStatus"
              ],
              "description": "This name brings the semantic for the Element.\nEach name brings a specific and unique semantic.\nEach name is unique classwise.\nTwo instances with the same name have the same semantic.\n"
            },
            "value": {
              "type": "string",
              "enum": [
                "AuthenticationFailure",
                "IntegrityFailure",
                "CompatibilityFailure",
                "InProgress",
                "Success",
                "NotStarted"
              ],
              "description": "Value of the element"
            },
            "mode": {
              "type": "string",
              "enum": [
                "Ro"
              ],
              "description": "Mode of the value Ro=ReadOnly Rw=ReadWrite"
            }
          }
        },
        "installation_status": {
          "type": "object",
          "additionalProperties": false,
          "description": "Status describing the installation of the firmware.",
          "properties": {
            "_id": {
              "type": "string",
              "description": "This is a technical attribute that identifies the instance. It must be unique at the system boundary."
            },
            "name": {
              "type": "string",
              "enum": [
                "FirmwareUpdate.InstallationStatus"
              ],
              "description": "This name brings the semantic for the Element.\nEach name brings a specific and unique semantic.\nEach name is unique classwise.\nTwo instances with the same name have the same semantic.\n"
            },
            "value": {
              "type": "string",
              "enum": [
                "Failure",
                "InProgress",
                "Success",
                "NotStarted"
              ],
              "description": "Value of the element"
            },
            "mode": {
              "type": "string",
              "enum": [
                "Ro"
              ],
              "description": "Mode of the value Ro=ReadOnly Rw=ReadWrite"
            }
          }
        },
        "installation_progression": {
          "type": "object",
          "additionalProperties": false,
          "description": "Indicates the progression in percentage.",
          "properties": {
            "_id": {
              "type": "string",
              "description": "This is a technical attribute that identifies the instance. It must be unique at the system boundary."
            },
            "name": {
              "type": "string",
              "enum": [
                "FirmwareUpdate.Progression"
              ],
              "description": "This name brings the semantic for the Element.\nEach name brings a specific and unique semantic.\nEach name is unique classwise.\nTwo instances with the same name have the same semantic.\n"
            },
            "value": {
              "type": "number",
              "minimum": 0,
              "maximum": 100,
              "description": "Value of the element"
            },
            "mode": {
              "type": "string",
              "enum": [
                "Ro"
              ],
              "description": "Mode of the value Ro=ReadOnly Rw=ReadWrite"
            }
          }
        },
        "uninstallation_status": {
          "type": "object",
          "additionalProperties": false,
          "description": "Uninstallation status",
          "properties": {
            "_id": {
              "type": "string",
              "description": "This is a technical attribute that identifies the instance. It must be unique at the system boundary."
            },
            "name": {
              "type": "string",
              "enum": [
                "FirmwareUpdate.UninstallationStatus"
              ],
              "description": "This name brings the semantic for the Element.\nEach name brings a specific and unique semantic.\nEach name is unique classwise.\nTwo instances with the same name have the same semantic.\n"
            },
            "value": {
              "type": "string",
              "enum": [
                "Failure",
                "InProgress",
                "Success",
                "NotStarted"
              ],
              "description": "Value of the element"
            },
            "mode": {
              "type": "string",
              "enum": [
                "Ro"
              ],
              "description": "Mode of the value Ro=ReadOnly Rw=ReadWrite"
            }
          }
        },
        "uninstallation_progression": {
          "type": "object",
          "additionalProperties": false,
          "description": "Indicates the progression in percentage.",
          "properties": {
            "_id": {
              "type": "string",
              "description": "This is a technical attribute that identifies the instance. It must be unique at the system boundary."
            },
            "name": {
              "type": "string",
              "enum": [
                "FirmwareUpdate.Progression"
              ],
              "description": "This name brings the semantic for the Element.\nEach name brings a specific and unique semantic.\nEach name is unique classwise.\nTwo instances with the same name have the same semantic.\n"
            },
            "value": {
              "type": "number",
              "minimum": 0,
              "maximum": 100,
              "description": "Value of the element"
            },
            "mode": {
              "type": "string",
              "enum": [
                "Ro"
              ],
              "description": "Mode of the value Ro=ReadOnly Rw=ReadWrite"
            }
          }
        }
      }
    }
  }
}