{
  "$schema": "http://json-schema.org/draft-07/schema#",
  "$id": "iot.modbus.concept/0.12.0/class/iot.modbus.tcp.client.AddDeviceParameters/schema.json",
  "title": "iot.modbus.tcp.client.AddDeviceParameters",
  "type": "object",
  "additionalProperties": false,
  "description": "Contains parameters of service to add device",
  "properties": {
    "_id": {
      "type": "string",
      "description": "This is a technical attribute that identifies the instance. It must be unique at the system boundary."
    },
    "modeling_package_id": {
      "type": "string",
      "enum": [

      ],
      "description": "Identifier of the modeling package of the device"
    },
    "ip": {
      "type": "number",
      "description": "Ip address of the Modbus device to add"
    },
    "port": {
      "type": "number",
      "minimum": 0,
      "maximum": 65535,
      "description": "Port of the device to add"
    }
  }
}