{
  "$schema": "http://json-schema.org/draft-07/schema#",
  "$id": "iot.environmental_measurement.concept/0.6.0/class/iot.measurement.environmental.Tolerance/schema.json",
  "title": "iot.measurement.environmental.Tolerance",
  "type": "object",
  "additionalProperties": false,
  "description": "Indicates the magnitude of the possible error of the environmental measurement. The unit is the same as the measurement it is attached to.",
  "properties": {
    "_id": {
      "type": "string",
      "description": "This is a technical attribute that identifies the instance. It must be unique at the system boundary."
    },
    "name": {
      "type": "string",
      "description": "This name brings the semantic for the Element.\nEach name brings a specific and unique semantic.\nEach name is unique classwise.\nTwo instances with the same name have the same semantic.\n"
    },
    "value": {
      "description": "Value of the element"
    },
    "mode": {
      "type": "string",
      "enum": [
        "Ro"
      ],
      "description": "Mode of the value Ro=ReadOnly Rw=ReadWrite"
    },
    "unit": {
      "type": "string"
    }
  }
}