{
  "$schema": "http://json-schema.org/draft-07/schema#",
  "$id": "iot.networking.ip_interface.concept/0.6.0/class/iot.networking.ip.interface.DnsInf/schema.json",
  "title": "iot.networking.ip.interface.DnsInf",
  "type": "object",
  "additionalProperties": false,
  "description": "Defines information for DNS.",
  "properties": {
    "_id": {
      "type": "string",
      "description": "This is a technical attribute that identifies the instance. It must be unique at the system boundary."
    },
    "name": {
      "type": "string",
      "enum": [
        "IpInterface.DnsInf"
      ],
      "description": "This name brings the semantic for the Element.\nEach name brings a specific and unique semantic.\nEach name is unique classwise.\nTwo instances with the same name have the same semantic.\n"
    },
    "elements": {
      "type": "object",
      "additionalProperties": false,
      "description": "DNS Inf Elements",
      "properties": {
        "_id": {
          "type": "string",
          "description": "This is a technical attribute that identifies the instance. It must be unique at the system boundary."
        },
        "primary_dns": {
          "type": "object",
          "additionalProperties": false,
          "description": "IpV4 Address Information.",
          "properties": {
            "_id": {
              "type": "string",
              "description": "This is a technical attribute that identifies the instance. It must be unique at the system boundary."
            },
            "name": {
              "type": "string",
              "enum": [
                "IpInterface.IpV4AddressInf"
              ],
              "description": "This name brings the semantic for the Element.\nEach name brings a specific and unique semantic.\nEach name is unique classwise.\nTwo instances with the same name have the same semantic.\n"
            },
            "value": {
              "type": "string",
              "description": "Value of the element"
            },
            "mode": {
              "type": "string",
              "enum": [
                "Ro"
              ],
              "description": "Mode of the value Ro=ReadOnly Rw=ReadWrite"
            }
          }
        },
        "secondary_dns": {
          "type": "object",
          "additionalProperties": false,
          "description": "IpV4 Address Information.",
          "properties": {
            "_id": {
              "type": "string",
              "description": "This is a technical attribute that identifies the instance. It must be unique at the system boundary."
            },
            "name": {
              "type": "string",
              "enum": [
                "IpInterface.IpV4AddressInf"
              ],
              "description": "This name brings the semantic for the Element.\nEach name brings a specific and unique semantic.\nEach name is unique classwise.\nTwo instances with the same name have the same semantic.\n"
            },
            "value": {
              "type": "string",
              "description": "Value of the element"
            },
            "mode": {
              "type": "string",
              "enum": [
                "Ro"
              ],
              "description": "Mode of the value Ro=ReadOnly Rw=ReadWrite"
            }
          }
        },
        "dns_assignment_mode": {
          "type": "object",
          "additionalProperties": false,
          "description": "Information about the Assignment mode used for IP address configuration: \n\n* Static : Manually assign IP address and other settings related to the IP configuration (DNS, IPv6, Gateway). \n* Dhcp: Automatically assign IP address and other settings related to the IP configuration (DNS, IPv6, Gateway).\n",
          "properties": {
            "_id": {
              "type": "string",
              "description": "This is a technical attribute that identifies the instance. It must be unique at the system boundary."
            },
            "name": {
              "type": "string",
              "enum": [
                "IpInterface.AssignmentModeInf"
              ],
              "description": "This name brings the semantic for the Element.\nEach name brings a specific and unique semantic.\nEach name is unique classwise.\nTwo instances with the same name have the same semantic.\n"
            },
            "value": {
              "type": "string",
              "enum": [
                "Static",
                "Dhcp"
              ],
              "description": "Value of the element"
            },
            "mode": {
              "type": "string",
              "enum": [
                "Ro"
              ],
              "description": "Mode of the value Ro=ReadOnly Rw=ReadWrite"
            }
          }
        }
      }
    }
  }
}