{
  "$schema": "http://json-schema.org/draft-07/schema#",
  "$id": "iot.io_block.concept/0.10.0/class/iot.io_equipment.AddCustomIoDeviceServiceParametersInfo/schema.json",
  "title": "iot.io_equipment.AddCustomIoDeviceServiceParametersInfo",
  "type": "object",
  "additionalProperties": false,
  "description": "Contains Add Custom Io Device Service Parameters information.",
  "properties": {
    "_id": {
      "type": "string",
      "description": "This is a technical attribute that identifies the instance. It must be unique at the system boundary."
    },
    "pin_configuration": {
      "type": "object",
      "additionalProperties": false,
      "description": "Parameters information of the Pin configuration of the Add Custom Io Device Service",
      "properties": {
        "_id": {
          "type": "string",
          "description": "This is a technical attribute that identifies the instance. It must be unique at the system boundary."
        },
        "pin_type": {
          "type": "object",
          "additionalProperties": false,
          "description": "Type of the pin",
          "properties": {
            "_id": {
              "type": "string",
              "description": "This is a technical attribute that identifies the instance. It must be unique at the system boundary."
            },
            "enum": {
              "type": "array",
              "items": {
                "type": "string"
              }
            }
          }
        },
        "pin_mode": {
          "type": "object",
          "additionalProperties": false,
          "description": "Mode of the pin",
          "properties": {
            "_id": {
              "type": "string",
              "description": "This is a technical attribute that identifies the instance. It must be unique at the system boundary."
            },
            "enum": {
              "type": "array",
              "items": {
                "type": "string"
              }
            }
          }
        }
      }
    }
  }
}