{
  "$schema": "http://json-schema.org/draft-07/schema#",
  "$id": "iot.io_block.concept/0.10.0/class/iot.io_block.PulseMode/schema.json",
  "title": "iot.io_block.PulseMode",
  "type": "object",
  "additionalProperties": false,
  "description": "Settings available if PinMode is set to pulse. \nIndicate how the counter will be incremented (rising, falling or KYZ).\n",
  "properties": {
    "_id": {
      "type": "string",
      "description": "This is a technical attribute that identifies the instance. It must be unique at the system boundary."
    },
    "name": {
      "type": "string",
      "enum": [
        "IoBlock.PulseMode"
      ],
      "description": "This name brings the semantic for the Element.\nEach name brings a specific and unique semantic.\nEach name is unique classwise.\nTwo instances with the same name have the same semantic.\n"
    },
    "value": {
      "type": "string",
      "enum": [
        "Rising",
        "Falling",
        "KYZ"
      ],
      "description": "Value of the element"
    },
    "mode": {
      "type": "string",
      "enum": [
        "Rw"
      ],
      "description": "Mode of the value Ro=ReadOnly Rw=ReadWrite"
    },
    "locked": {
      "type": "boolean",
      "description": "True if the value can't be modified"
    },
    "enum": {
      "type": "array",
      "items": {
        "type": "string",
        "enum": [
          "Rising",
          "Falling",
          "KYZ"
        ]
      },
      "description": "Collection of all possible values for the \"value\" attribute"
    }
  }
}