{
  "$schema": "http://json-schema.org/draft-07/schema#",
  "$id": "iot.alarms_events.concept/0.3.1/class/iot.evt.EventInformationElements/schema.json",
  "title": "iot.evt.EventInformationElements",
  "type": "object",
  "additionalProperties": false,
  "description": "Event definition elements.",
  "properties": {
    "_id": {
      "type": "string",
      "description": "This is a technical attribute that identifies the instance. It must be unique at the system boundary."
    },
    "event_type": {
      "type": "object",
      "additionalProperties": false,
      "description": "Describes the specific type of Event (e.g. process, diagnostic, system).",
      "properties": {
        "_id": {
          "type": "string",
          "description": "This is a technical attribute that identifies the instance. It must be unique at the system boundary."
        },
        "name": {
          "type": "string",
          "enum": [
            "Event.EventTypeInf"
          ],
          "description": "This name brings the semantic for the Element.\nEach name brings a specific and unique semantic.\nEach name is unique classwise.\nTwo instances with the same name have the same semantic.\n"
        },
        "value": {
          "type": "string",
          "enum": [
            "Process",
            "Diagnostic",
            "System",
            "Security",
            "Resources",
            "Delivery",
            "Protection"
          ],
          "description": "Value of the element"
        },
        "mode": {
          "type": "string",
          "enum": [
            "Ro"
          ],
          "description": "Mode of the value Ro=ReadOnly Rw=ReadWrite"
        }
      }
    },
    "severity": {
      "type": "object",
      "additionalProperties": false,
      "description": "Indicates the severity of the event.",
      "properties": {
        "_id": {
          "type": "string",
          "description": "This is a technical attribute that identifies the instance. It must be unique at the system boundary."
        },
        "name": {
          "type": "string",
          "enum": [
            "Event.SeverityInf"
          ],
          "description": "This name brings the semantic for the Element.\nEach name brings a specific and unique semantic.\nEach name is unique classwise.\nTwo instances with the same name have the same semantic.\n"
        },
        "value": {
          "type": "string",
          "enum": [
            "High",
            "MediumHigh",
            "Medium",
            "MediumLow",
            "Low"
          ],
          "description": "Value of the element"
        },
        "mode": {
          "type": "string",
          "enum": [
            "Ro"
          ],
          "description": "Mode of the value Ro=ReadOnly Rw=ReadWrite"
        }
      }
    },
    "category": {
      "type": "object",
      "additionalProperties": false,
      "description": "Event category",
      "properties": {
        "_id": {
          "type": "string",
          "description": "This is a technical attribute that identifies the instance. It must be unique at the system boundary."
        },
        "name": {
          "type": "string",
          "enum": [
            "Event.CategoryInf"
          ],
          "description": "This name brings the semantic for the Element.\nEach name brings a specific and unique semantic.\nEach name is unique classwise.\nTwo instances with the same name have the same semantic.\n"
        },
        "value": {
          "type": "string",
          "enum": [
            "Built-in",
            "Custom"
          ],
          "description": "Value of the element"
        },
        "mode": {
          "type": "string",
          "enum": [
            "Ro"
          ],
          "description": "Mode of the value Ro=ReadOnly Rw=ReadWrite"
        }
      }
    },
    "message": {
      "type": "object",
      "additionalProperties": false,
      "description": "@fixme give description of message content and not only format. The message shall follow FORUM rules in term of format e.g. Std/<std_msg>/<app_specific> or App/<app_specific>",
      "properties": {
        "_id": {
          "type": "string",
          "description": "This is a technical attribute that identifies the instance. It must be unique at the system boundary."
        },
        "name": {
          "type": "string",
          "enum": [
            "Event.MessageInf"
          ],
          "description": "This name brings the semantic for the Element.\nEach name brings a specific and unique semantic.\nEach name is unique classwise.\nTwo instances with the same name have the same semantic.\n"
        },
        "value": {
          "type": "string",
          "description": "Value of the element"
        },
        "mode": {
          "type": "string",
          "enum": [
            "Ro"
          ],
          "description": "Mode of the value Ro=ReadOnly Rw=ReadWrite"
        }
      }
    },
    "possible_problem": {
      "type": "object",
      "additionalProperties": false,
      "description": "Describes the problem that can be present when the event occurs.",
      "properties": {
        "_id": {
          "type": "string",
          "description": "This is a technical attribute that identifies the instance. It must be unique at the system boundary."
        },
        "name": {
          "type": "string",
          "enum": [
            "Event.PossibleProblemInf"
          ],
          "description": "This name brings the semantic for the Element.\nEach name brings a specific and unique semantic.\nEach name is unique classwise.\nTwo instances with the same name have the same semantic.\n"
        },
        "value": {
          "type": "string",
          "description": "Value of the element"
        },
        "mode": {
          "type": "string",
          "enum": [
            "Ro"
          ],
          "description": "Mode of the value Ro=ReadOnly Rw=ReadWrite"
        }
      }
    },
    "possible_cause": {
      "type": "object",
      "additionalProperties": false,
      "description": "Provides a list of causes that may have created the problem.",
      "properties": {
        "_id": {
          "type": "string",
          "description": "This is a technical attribute that identifies the instance. It must be unique at the system boundary."
        },
        "name": {
          "type": "string",
          "enum": [
            "Event.PossibleCauseInf"
          ],
          "description": "This name brings the semantic for the Element.\nEach name brings a specific and unique semantic.\nEach name is unique classwise.\nTwo instances with the same name have the same semantic.\n"
        },
        "value": {
          "type": "string",
          "description": "Value of the element"
        },
        "mode": {
          "type": "string",
          "enum": [
            "Ro"
          ],
          "description": "Mode of the value Ro=ReadOnly Rw=ReadWrite"
        }
      }
    },
    "possible_solution": {
      "type": "object",
      "additionalProperties": false,
      "description": "Provides a list of actions to be performed to solve the problem described. E.G \"This motor is not correctly fed with oil. Ensure that there is no oil leak.\" ",
      "properties": {
        "_id": {
          "type": "string",
          "description": "This is a technical attribute that identifies the instance. It must be unique at the system boundary."
        },
        "name": {
          "type": "string",
          "enum": [
            "Event.PossibleSolutionInf"
          ],
          "description": "This name brings the semantic for the Element.\nEach name brings a specific and unique semantic.\nEach name is unique classwise.\nTwo instances with the same name have the same semantic.\n"
        },
        "value": {
          "type": "string",
          "description": "Value of the element"
        },
        "mode": {
          "type": "string",
          "enum": [
            "Ro"
          ],
          "description": "Mode of the value Ro=ReadOnly Rw=ReadWrite"
        }
      }
    }
  }
}