{
  "$schema": "http://json-schema.org/draft-07/schema#",
  "$id": "iot.modbus.concept/0.12.0/class/iot.modbus.tcp.client.SettingsElements/schema.json",
  "title": "iot.modbus.tcp.client.SettingsElements",
  "type": "object",
  "additionalProperties": false,
  "description": "Modbus TCP client settings.",
  "properties": {
    "_id": {
      "type": "string",
      "description": "This is a technical attribute that identifies the instance. It must be unique at the system boundary."
    },
    "connection_timeout": {
      "type": "object",
      "additionalProperties": false,
      "description": "Amount of time the device will wait for a remote Modbus TCP/IP device to respond to a Modbus TCP/IP connection request.",
      "properties": {
        "_id": {
          "type": "string",
          "description": "This is a technical attribute that identifies the instance. It must be unique at the system boundary."
        },
        "name": {
          "type": "string",
          "enum": [
            "ModbusTcpClient.ConnectionTimeout"
          ],
          "description": "This name brings the semantic for the Element.\nEach name brings a specific and unique semantic.\nEach name is unique classwise.\nTwo instances with the same name have the same semantic.\n"
        },
        "value": {
          "type": "number",
          "description": "Value of the element"
        },
        "mode": {
          "type": "string",
          "enum": [
            "Rw"
          ],
          "description": "Mode of the value Ro=ReadOnly Rw=ReadWrite"
        },
        "locked": {
          "type": "boolean",
          "description": "True if the value can't be modified"
        },
        "min": {
          "type": "number",
          "enum": [
            1
          ],
          "description": "Used to specify the minimum for a numerical value. Interval of range is: [min, max]."
        },
        "max": {
          "type": "number",
          "enum": [
            10
          ],
          "description": "Used to specify the maximum for a numerical value. Interval of range is: [min, max]."
        },
        "step": {
          "type": "number",
          "enum": [
            1
          ]
        },
        "unit": {
          "type": "string",
          "enum": [
            "s"
          ]
        }
      }
    },
    "message_timeout": {
      "type": "object",
      "additionalProperties": false,
      "description": "Amount of time the device will wait for a remote Modbus TCP/IP device to respond to a Modbus TCP/IP request.",
      "properties": {
        "_id": {
          "type": "string",
          "description": "This is a technical attribute that identifies the instance. It must be unique at the system boundary."
        },
        "name": {
          "type": "string",
          "enum": [
            "ModbusTcpClient.MessageTimeout"
          ],
          "description": "This name brings the semantic for the Element.\nEach name brings a specific and unique semantic.\nEach name is unique classwise.\nTwo instances with the same name have the same semantic.\n"
        },
        "value": {
          "type": "number",
          "description": "Value of the element"
        },
        "mode": {
          "type": "string",
          "enum": [
            "Rw"
          ],
          "description": "Mode of the value Ro=ReadOnly Rw=ReadWrite"
        },
        "locked": {
          "type": "boolean",
          "description": "True if the value can't be modified"
        },
        "min": {
          "type": "number",
          "enum": [
            1
          ],
          "description": "Used to specify the minimum for a numerical value. Interval of range is: [min, max]."
        },
        "max": {
          "type": "number",
          "enum": [
            10
          ],
          "description": "Used to specify the maximum for a numerical value. Interval of range is: [min, max]."
        },
        "step": {
          "type": "number",
          "enum": [
            1
          ]
        },
        "unit": {
          "type": "string",
          "enum": [
            "s"
          ]
        }
      }
    }
  }
}