{
  "$schema": "http://json-schema.org/draft-07/schema#",
  "$id": "iot.data_publication.concept/0.2.0/class/iot.data_publication.Settings/schema.json",
  "title": "iot.data_publication.Settings",
  "type": "object",
  "additionalProperties": false,
  "description": "Data publication settings.",
  "properties": {
    "_id": {
      "type": "string",
      "description": "This is a technical attribute that identifies the instance. It must be unique at the system boundary."
    },
    "name": {
      "type": "string",
      "enum": [
        "DataPublication.Settings"
      ],
      "description": "This name brings the semantic for the Element.\nEach name brings a specific and unique semantic.\nEach name is unique classwise.\nTwo instances with the same name have the same semantic.\n"
    },
    "elements": {
      "type": "object",
      "additionalProperties": false,
      "description": "Data Publication Settings Elements",
      "properties": {
        "_id": {
          "type": "string",
          "description": "This is a technical attribute that identifies the instance. It must be unique at the system boundary."
        },
        "platform": {
          "type": "object",
          "additionalProperties": false,
          "description": "Used to select the publication platform.",
          "properties": {
            "_id": {
              "type": "string",
              "description": "This is a technical attribute that identifies the instance. It must be unique at the system boundary."
            },
            "name": {
              "type": "string",
              "enum": [
                "DataPublication.Platform"
              ],
              "description": "This name brings the semantic for the Element.\nEach name brings a specific and unique semantic.\nEach name is unique classwise.\nTwo instances with the same name have the same semantic.\n"
            },
            "value": {
              "type": "string",
              "description": "Value of the element"
            },
            "mode": {
              "type": "string",
              "enum": [
                "Rw"
              ],
              "description": "Mode of the value Ro=ReadOnly Rw=ReadWrite"
            },
            "locked": {
              "type": "boolean",
              "description": "True if the value can't be modified"
            },
            "enum": {
              "type": "array",
              "items": {
                "type": "string",
                "enum": [
                  "Dsp"
                ]
              },
              "description": "Collection of all possible values for the \"value\" attribute"
            }
          }
        },
        "period": {
          "type": "object",
          "additionalProperties": false,
          "description": "Used to select the publication period.",
          "properties": {
            "_id": {
              "type": "string",
              "description": "This is a technical attribute that identifies the instance. It must be unique at the system boundary."
            },
            "name": {
              "type": "string",
              "enum": [
                "DataPublication.Period"
              ],
              "description": "This name brings the semantic for the Element.\nEach name brings a specific and unique semantic.\nEach name is unique classwise.\nTwo instances with the same name have the same semantic.\n"
            },
            "value": {
              "type": "string",
              "description": "Value of the element"
            },
            "mode": {
              "type": "string",
              "enum": [
                "Rw"
              ],
              "description": "Mode of the value Ro=ReadOnly Rw=ReadWrite"
            },
            "locked": {
              "type": "boolean",
              "description": "True if the value can't be modified"
            },
            "enum": {
              "type": "array",
              "items": {
                "type": "string",
                "enum": [
                  "Weekly",
                  "Daily",
                  "12h",
                  "4h",
                  "3h",
                  "2h",
                  "1h"
                ]
              },
              "description": "Collection of all possible values for the \"value\" attribute"
            }
          }
        }
      }
    }
  }
}