{
  "$schema": "http://json-schema.org/draft-07/schema#",
  "$id": "iot.dsp_connectivity.concept/0.8.0/class/iot.dsp.ActivationStatus/schema.json",
  "title": "iot.dsp.ActivationStatus",
  "type": "object",
  "additionalProperties": false,
  "description": "DSP Activation Status Information. Possible values are:\n    \n    * Not activated\n    * Activation in progress\n    * Device disabled\n    * Device not registered\n    * Device activated\n",
  "properties": {
    "_id": {
      "type": "string",
      "description": "This is a technical attribute that identifies the instance. It must be unique at the system boundary."
    },
    "name": {
      "type": "string",
      "enum": [
        "DspConnectivity.ActivationStatus"
      ],
      "description": "This name brings the semantic for the Element.\nEach name brings a specific and unique semantic.\nEach name is unique classwise.\nTwo instances with the same name have the same semantic.\n"
    },
    "value": {
      "type": "string",
      "enum": [
        "NotActivated",
        "ActivationInProgress",
        "DeviceDisabled",
        "DeviceNotRegistered",
        "DeviceActivated"
      ],
      "description": "Value of the element"
    },
    "mode": {
      "type": "string",
      "enum": [
        "Ro"
      ],
      "description": "Mode of the value Ro=ReadOnly Rw=ReadWrite"
    }
  }
}