{
  "$schema": "http://json-schema.org/draft-07/schema#",
  "$id": "iot.modbus.concept/0.12.0/class/iot.modbus.tcp.client.discovery.DiscoveryService/schema.json",
  "title": "iot.modbus.tcp.client.discovery.DiscoveryService",
  "type": "object",
  "additionalProperties": false,
  "description": "Service to start / stop the discovery function.",
  "properties": {
    "_id": {
      "type": "string",
      "description": "This is a technical attribute that identifies the instance. It must be unique at the system boundary."
    },
    "name": {
      "type": "string",
      "enum": [
        "ModbusTcpClient.Discovery.Service"
      ]
    },
    "parameters": {
      "type": "object",
      "additionalProperties": false,
      "description": "Contains parameters of device Discovery service",
      "properties": {
        "_id": {
          "type": "string",
          "description": "This is a technical attribute that identifies the instance. It must be unique at the system boundary."
        },
        "action": {
          "type": "string",
          "enum": [
            "Start",
            "Stop"
          ],
          "description": "Start or Stop the discovery service"
        }
      }
    },
    "exception": {
      "type": "object",
      "additionalProperties": false,
      "description": "Exception raised in case of failure \n",
      "properties": {
        "_id": {
          "type": "string",
          "description": "This is a technical attribute that identifies the instance. It must be unique at the system boundary."
        },
        "topic": {
          "type": "string",
          "description": "Topic for the exception. This could be either a standard or a custom topic.\nUsing standard topics eases the integration with remote applications.\nThis class can be specialized in order to bring additional content that can help to diagnose the problem.\n"
        }
      }
    }
  }
}