{
  "$schema": "http://json-schema.org/draft-07/schema#",
  "$id": "iot.modbus.concept/0.12.0/class/iot.modbus.tcp.client.discovery.DiscoveryParameters/schema.json",
  "title": "iot.modbus.tcp.client.discovery.DiscoveryParameters",
  "type": "object",
  "additionalProperties": false,
  "description": "Contains parameters of device Discovery service",
  "properties": {
    "_id": {
      "type": "string",
      "description": "This is a technical attribute that identifies the instance. It must be unique at the system boundary."
    },
    "action": {
      "type": "string",
      "enum": [
        "Start",
        "Stop"
      ],
      "description": "Start or Stop the discovery service"
    }
  }
}