{
  "$schema": "http://json-schema.org/draft-07/schema#",
  "$id": "iot.io_pulse.concept/0.5.0/class/iot.io_pulse.FlowElementUnit/schema.json",
  "title": "iot.io_pulse.FlowElementUnit",
  "type": "object",
  "additionalProperties": false,
  "description": "Unit of the flow element monitored by the IO pulse. The unit should be compatible with the flow element.",
  "properties": {
    "_id": {
      "type": "string",
      "description": "This is a technical attribute that identifies the instance. It must be unique at the system boundary."
    },
    "name": {
      "type": "string",
      "enum": [
        "IoPulse.FlowElementUnit"
      ],
      "description": "This name brings the semantic for the Element.\nEach name brings a specific and unique semantic.\nEach name is unique classwise.\nTwo instances with the same name have the same semantic.\n"
    },
    "value": {
      "type": "string",
      "description": "Value of the element"
    },
    "mode": {
      "type": "string",
      "enum": [
        "Rw"
      ],
      "description": "Mode of the value Ro=ReadOnly Rw=ReadWrite"
    },
    "locked": {
      "type": "boolean",
      "description": "True if the value can't be modified"
    },
    "enum": {
      "type": "array",
      "items": {
        "type": "string",
        "enum": [
          "W",
          "VAr",
          "VA",
          "m³/s",
          "BTUISO/h"
        ]
      },
      "description": "Collection of all possible values for the \"value\" attribute"
    }
  }
}