{
  "$schema": "http://json-schema.org/draft-07/schema#",
  "$id": "iot.measurement_management.concept/0.7.0/class/iot.measurement.electrical.PowerFactorSignConvention/schema.json",
  "title": "iot.measurement.electrical.PowerFactorSignConvention",
  "type": "object",
  "additionalProperties": false,
  "description": "Power Factor Sign Convention setting. \nMust be either IEEE (also called lead/lag convention) or IEC (also called active power convention).\nAccording to PTI028(Power Factor and Energies) if the device supports power factor then this setting is mandatory (exception may exist due to legacy devices manufactured before this rule was created).\n",
  "properties": {
    "_id": {
      "type": "string",
      "description": "This is a technical attribute that identifies the instance. It must be unique at the system boundary."
    },
    "name": {
      "type": "string",
      "enum": [
        "MeasurementManagement.PowerFactorSignConvention"
      ],
      "description": "This name brings the semantic for the Element.\nEach name brings a specific and unique semantic.\nEach name is unique classwise.\nTwo instances with the same name have the same semantic.\n"
    },
    "value": {
      "type": "string",
      "description": "Value of the element"
    },
    "mode": {
      "type": "string",
      "enum": [
        "Rw"
      ],
      "description": "Mode of the value Ro=ReadOnly Rw=ReadWrite"
    },
    "locked": {
      "type": "boolean",
      "description": "True if the value can't be modified"
    },
    "enum": {
      "type": "array",
      "items": {
        "type": "string",
        "enum": [
          "IEEE",
          "IEC"
        ]
      },
      "description": "Collection of all possible values for the \"value\" attribute"
    }
  }
}