{
  "$schema": "http://json-schema.org/draft-07/schema#",
  "$id": "iot.io_block.concept/0.10.0/class/iot.io_equipment.Function/schema.json",
  "title": "iot.io_equipment.Function",
  "type": "object",
  "additionalProperties": false,
  "description": "Manages IO equipment in order to add and/or remove Built-In and/or custom IO equipment/",
  "properties": {
    "_id": {
      "type": "string",
      "description": "This is a technical attribute that identifies the instance. It must be unique at the system boundary."
    },
    "name": {
      "type": "string",
      "enum": [
        "IoEquipment.Function"
      ],
      "description": "The name of a function is restricted to following rule: it must end with \".Function\".\nThis allows to easily discriminate functions from the other classes.\n"
    }
  }
}