{
  "$schema": "http://json-schema.org/draft-07/schema#",
  "$id": "iot.dsp_connectivity.concept/0.8.0/class/iot.dsp.ConnectionServiceParameters/schema.json",
  "title": "iot.dsp.ConnectionServiceParameters",
  "type": "object",
  "additionalProperties": false,
  "description": "Parameters relative to DSP Connection Service",
  "properties": {
    "_id": {
      "type": "string",
      "description": "This is a technical attribute that identifies the instance. It must be unique at the system boundary."
    },
    "action": {
      "type": "string",
      "enum": [
        "Connect",
        "Disconnect"
      ],
      "description": "Action to be performed by the DSP Connection Service: Connect or Disconnect.\n"
    }
  }
}