{
  "$schema": "http://json-schema.org/draft-07/schema#",
  "$id": "iot.data_sampling.concept/0.3.0/class/iot.data_sampling.DissociateGroupService/schema.json",
  "title": "iot.data_sampling.DissociateGroupService",
  "type": "object",
  "additionalProperties": false,
  "description": "\nService to dissociate a FORUM element to corresponding sampling group. \n\nThis service removes the association relation \"samples\" between the sampling group and the element. \n",
  "properties": {
    "_id": {
      "type": "string",
      "description": "This is a technical attribute that identifies the instance. It must be unique at the system boundary."
    },
    "name": {
      "type": "string",
      "enum": [
        "DataSampling.DissociateGroup.Service"
      ]
    },
    "parameters": {
      "type": "object",
      "additionalProperties": false,
      "description": "Parameters for Dissociate Group Service",
      "properties": {
        "_id": {
          "type": "string",
          "description": "This is a technical attribute that identifies the instance. It must be unique at the system boundary."
        },
        "element_id": {
          "type": "string",
          "description": "Id of the FORUM element to sample"
        }
      }
    },
    "exception": {
      "type": "object",
      "additionalProperties": false,
      "description": "Exception raised in case of failure\n",
      "properties": {
        "_id": {
          "type": "string",
          "description": "This is a technical attribute that identifies the instance. It must be unique at the system boundary."
        },
        "topic": {
          "type": "string",
          "description": "Topic for the exception. This could be either a standard or a custom topic.\nUsing standard topics eases the integration with remote applications.\nThis class can be specialized in order to bring additional content that can help to diagnose the problem.\n"
        }
      }
    }
  }
}