{
  "$schema": "http://json-schema.org/draft-07/schema#",
  "$id": "iot.networking.concept/0.6.0/class/iot.networking.HttpPort/schema.json",
  "title": "iot.networking.HttpPort",
  "type": "object",
  "additionalProperties": false,
  "description": "Http port (80 by default). An invocation of the Networking.ConfigurationManagement.Service is required to apply this setting.",
  "properties": {
    "_id": {
      "type": "string",
      "description": "This is a technical attribute that identifies the instance. It must be unique at the system boundary."
    },
    "name": {
      "type": "string",
      "enum": [
        "Networking.HttpPort"
      ],
      "description": "This name brings the semantic for the Element.\nEach name brings a specific and unique semantic.\nEach name is unique classwise.\nTwo instances with the same name have the same semantic.\n"
    },
    "value": {
      "type": "number",
      "description": "Value of the element"
    },
    "mode": {
      "type": "string",
      "enum": [
        "Rw"
      ],
      "description": "Mode of the value Ro=ReadOnly Rw=ReadWrite"
    },
    "locked": {
      "type": "boolean",
      "description": "True if the value can't be modified"
    },
    "min": {
      "type": "number",
      "enum": [
        0
      ],
      "description": "Used to specify the minimum for a numerical value. Interval of range is: [min, max]."
    },
    "max": {
      "type": "number",
      "enum": [
        65535
      ],
      "description": "Used to specify the maximum for a numerical value. Interval of range is: [min, max]."
    },
    "step": {
      "type": "number",
      "enum": [
        1
      ]
    }
  }
}