{
  "$schema": "http://json-schema.org/draft-07/schema#",
  "$id": "iot.base.concept/0.15.6/class/iot.base.component.Device/schema.json",
  "title": "iot.base.component.Device",
  "type": "object",
  "additionalProperties": false,
  "description": "Describes a device component",
  "properties": {
    "_id": {
      "type": "string",
      "description": "This is a technical attribute that identifies the instance. It must be unique at the system boundary."
    },
    "name": {
      "type": "string",
      "enum": [
        "Device.Component"
      ],
      "description": "The name of the component is \"Device\" and cannot be changed.\nThis allows to easily discriminate devices from the other components.\n"
    }
  }
}