{
  "$schema": "http://json-schema.org/draft-07/schema#",
  "$id": "iot.alarms_events.concept/0.3.1/class/iot.alm.AlarmsDefinition/schema.json",
  "title": "iot.alm.AlarmsDefinition",
  "type": "object",
  "additionalProperties": false,
  "description": "TODO",
  "properties": {
    "_id": {
      "type": "string",
      "description": "This is a technical attribute that identifies the instance. It must be unique at the system boundary."
    },
    "name": {
      "type": "string",
      "enum": [
        "Alarm.AlarmsDefinition"
      ],
      "description": "This name brings the semantic for the Element.\nEach name brings a specific and unique semantic.\nEach name is unique classwise.\nTwo instances with the same name have the same semantic.\n"
    },
    "elements": {
      "type": "object",
      "additionalProperties": false,
      "description": "Built In Alarm definition elements.",
      "properties": {
        "_id": {
          "type": "string",
          "description": "This is a technical attribute that identifies the instance. It must be unique at the system boundary."
        },
        "is_acknowledgeable": {
          "type": "object",
          "additionalProperties": false,
          "description": "Indicates if the user is required to acknowledge the alarm",
          "properties": {
            "_id": {
              "type": "string",
              "description": "This is a technical attribute that identifies the instance. It must be unique at the system boundary."
            },
            "name": {
              "type": "string",
              "enum": [
                "Alarm.IsAcknowledgeable"
              ],
              "description": "This name brings the semantic for the Element.\nEach name brings a specific and unique semantic.\nEach name is unique classwise.\nTwo instances with the same name have the same semantic.\n"
            },
            "value": {
              "type": "boolean",
              "description": "Value of the element"
            },
            "mode": {
              "type": "string",
              "enum": [
                "Rw"
              ],
              "description": "Mode of the value Ro=ReadOnly Rw=ReadWrite"
            },
            "locked": {
              "type": "boolean",
              "description": "True if the value can't be modified"
            }
          }
        },
        "is_to_be_confirmed": {
          "type": "object",
          "additionalProperties": false,
          "description": "Indicates if the user is required to confirm the alarm",
          "properties": {
            "_id": {
              "type": "string",
              "description": "This is a technical attribute that identifies the instance. It must be unique at the system boundary."
            },
            "name": {
              "type": "string",
              "enum": [
                "Alarm.IsToBeConfirmed"
              ],
              "description": "This name brings the semantic for the Element.\nEach name brings a specific and unique semantic.\nEach name is unique classwise.\nTwo instances with the same name have the same semantic.\n"
            },
            "value": {
              "type": "boolean",
              "description": "Value of the element"
            },
            "mode": {
              "type": "string",
              "enum": [
                "Rw"
              ],
              "description": "Mode of the value Ro=ReadOnly Rw=ReadWrite"
            },
            "locked": {
              "type": "boolean",
              "description": "True if the value can't be modified"
            }
          }
        },
        "can_be_shelved": {
          "type": "object",
          "additionalProperties": false,
          "description": "Indicates if the user is allowed to shelve the alarm",
          "properties": {
            "_id": {
              "type": "string",
              "description": "This is a technical attribute that identifies the instance. It must be unique at the system boundary."
            },
            "name": {
              "type": "string",
              "enum": [
                "Alarm.CanBeShelved"
              ],
              "description": "This name brings the semantic for the Element.\nEach name brings a specific and unique semantic.\nEach name is unique classwise.\nTwo instances with the same name have the same semantic.\n"
            },
            "value": {
              "type": "boolean",
              "description": "Value of the element"
            },
            "mode": {
              "type": "string",
              "enum": [
                "Rw"
              ],
              "description": "Mode of the value Ro=ReadOnly Rw=ReadWrite"
            },
            "locked": {
              "type": "boolean",
              "description": "True if the value can't be modified"
            }
          }
        },
        "is_activable": {
          "type": "object",
          "additionalProperties": false,
          "description": "Indicates if the user is allowed to enable or disable the alarm",
          "properties": {
            "_id": {
              "type": "string",
              "description": "This is a technical attribute that identifies the instance. It must be unique at the system boundary."
            },
            "name": {
              "type": "string",
              "enum": [
                "Alarm.IsActivable"
              ],
              "description": "This name brings the semantic for the Element.\nEach name brings a specific and unique semantic.\nEach name is unique classwise.\nTwo instances with the same name have the same semantic.\n"
            },
            "value": {
              "type": "boolean",
              "description": "Value of the element"
            },
            "mode": {
              "type": "string",
              "enum": [
                "Rw"
              ],
              "description": "Mode of the value Ro=ReadOnly Rw=ReadWrite"
            },
            "locked": {
              "type": "boolean",
              "description": "True if the value can't be modified"
            }
          }
        },
        "alm_type": {
          "type": "object",
          "additionalProperties": false,
          "description": "Describes the specific type of Alarm (e.g. process, diagnostic, system).",
          "properties": {
            "_id": {
              "type": "string",
              "description": "This is a technical attribute that identifies the instance. It must be unique at the system boundary."
            },
            "name": {
              "type": "string",
              "enum": [
                "Alarm.AlarmType"
              ],
              "description": "This name brings the semantic for the Element.\nEach name brings a specific and unique semantic.\nEach name is unique classwise.\nTwo instances with the same name have the same semantic.\n"
            },
            "value": {
              "type": "string",
              "description": "Value of the element"
            },
            "mode": {
              "type": "string",
              "enum": [
                "Rw"
              ],
              "description": "Mode of the value Ro=ReadOnly Rw=ReadWrite"
            },
            "locked": {
              "type": "boolean",
              "description": "True if the value can't be modified"
            },
            "enum": {
              "type": "array",
              "items": {
                "type": "string",
                "enum": [
                  "Process",
                  "Diagnostic",
                  "System",
                  "Security",
                  "Resources",
                  "Delivery",
                  "Protection"
                ]
              },
              "description": "Collection of all possible values for the \"value\" attribute"
            }
          }
        },
        "severity": {
          "type": "object",
          "additionalProperties": false,
          "description": "The severity of some Alarms is relative. It depends on people's network operation habits. User defined alarms need user defined severity.",
          "properties": {
            "_id": {
              "type": "string",
              "description": "This is a technical attribute that identifies the instance. It must be unique at the system boundary."
            },
            "name": {
              "type": "string",
              "enum": [
                "Alarm.Severity"
              ],
              "description": "This name brings the semantic for the Element.\nEach name brings a specific and unique semantic.\nEach name is unique classwise.\nTwo instances with the same name have the same semantic.\n"
            },
            "value": {
              "type": "string",
              "description": "Value of the element"
            },
            "mode": {
              "type": "string",
              "enum": [
                "Rw"
              ],
              "description": "Mode of the value Ro=ReadOnly Rw=ReadWrite"
            },
            "locked": {
              "type": "boolean",
              "description": "True if the value can't be modified"
            },
            "enum": {
              "type": "array",
              "items": {
                "type": "string",
                "enum": [
                  "High",
                  "MediumHigh",
                  "Medium",
                  "MediumLow",
                  "Low"
                ]
              },
              "description": "Collection of all possible values for the \"value\" attribute"
            }
          }
        },
        "message": {
          "type": "object",
          "additionalProperties": false,
          "description": "The message shall follow FORUM rules in term of format e.g. Std/<std_msg>/<app_specific> or App/<app_specific>",
          "properties": {
            "_id": {
              "type": "string",
              "description": "This is a technical attribute that identifies the instance. It must be unique at the system boundary."
            },
            "name": {
              "type": "string",
              "enum": [
                "Alarm.Message"
              ],
              "description": "This name brings the semantic for the Element.\nEach name brings a specific and unique semantic.\nEach name is unique classwise.\nTwo instances with the same name have the same semantic.\n"
            },
            "value": {
              "type": "string",
              "description": "Value of the element"
            },
            "mode": {
              "type": "string",
              "enum": [
                "Rw"
              ],
              "description": "Mode of the value Ro=ReadOnly Rw=ReadWrite"
            },
            "locked": {
              "type": "boolean",
              "description": "True if the value can't be modified"
            },
            "enum": {
              "type": "array",
              "items": {
                "type": "string"
              },
              "description": "Collection of all possible values for the \"value\" attribute"
            }
          }
        },
        "possible_problem": {
          "type": "object",
          "additionalProperties": false,
          "description": "Describes the problem that can be presented when the alarm occurs.",
          "properties": {
            "_id": {
              "type": "string",
              "description": "This is a technical attribute that identifies the instance. It must be unique at the system boundary."
            },
            "name": {
              "type": "string",
              "enum": [
                "Alarm.PossibleProblem"
              ],
              "description": "This name brings the semantic for the Element.\nEach name brings a specific and unique semantic.\nEach name is unique classwise.\nTwo instances with the same name have the same semantic.\n"
            },
            "value": {
              "type": "string",
              "description": "Value of the element"
            },
            "mode": {
              "type": "string",
              "enum": [
                "Rw"
              ],
              "description": "Mode of the value Ro=ReadOnly Rw=ReadWrite"
            },
            "locked": {
              "type": "boolean",
              "description": "True if the value can't be modified"
            },
            "enum": {
              "type": "array",
              "items": {
                "type": "string"
              },
              "description": "Collection of all possible values for the \"value\" attribute"
            }
          }
        },
        "possible_cause": {
          "type": "object",
          "additionalProperties": false,
          "description": "Gives a list of the causes that may have generated the alarm.",
          "properties": {
            "_id": {
              "type": "string",
              "description": "This is a technical attribute that identifies the instance. It must be unique at the system boundary."
            },
            "name": {
              "type": "string",
              "enum": [
                "Alarm.PossibleCause"
              ],
              "description": "This name brings the semantic for the Element.\nEach name brings a specific and unique semantic.\nEach name is unique classwise.\nTwo instances with the same name have the same semantic.\n"
            },
            "value": {
              "type": "string",
              "description": "Value of the element"
            },
            "mode": {
              "type": "string",
              "enum": [
                "Rw"
              ],
              "description": "Mode of the value Ro=ReadOnly Rw=ReadWrite"
            },
            "locked": {
              "type": "boolean",
              "description": "True if the value can't be modified"
            },
            "enum": {
              "type": "array",
              "items": {
                "type": "string"
              },
              "description": "Collection of all possible values for the \"value\" attribute"
            }
          }
        },
        "possible_solution": {
          "type": "object",
          "additionalProperties": false,
          "description": "Proposes a list of actions to be followed to solve the problem described. E.G \"This motor is not correctly fed with oil. Ensure that there is no oil leak.\" ",
          "properties": {
            "_id": {
              "type": "string",
              "description": "This is a technical attribute that identifies the instance. It must be unique at the system boundary."
            },
            "name": {
              "type": "string",
              "enum": [
                "Alarm.PossibleSolution"
              ],
              "description": "This name brings the semantic for the Element.\nEach name brings a specific and unique semantic.\nEach name is unique classwise.\nTwo instances with the same name have the same semantic.\n"
            },
            "value": {
              "type": "string",
              "description": "Value of the element"
            },
            "mode": {
              "type": "string",
              "enum": [
                "Rw"
              ],
              "description": "Mode of the value Ro=ReadOnly Rw=ReadWrite"
            },
            "locked": {
              "type": "boolean",
              "description": "True if the value can't be modified"
            },
            "enum": {
              "type": "array",
              "items": {
                "type": "string"
              },
              "description": "Collection of all possible values for the \"value\" attribute"
            }
          }
        }
      }
    }
  }
}