{
  "$schema": "http://json-schema.org/draft-07/schema#",
  "$id": "iot.measurement.concept/0.4.0/class/iot.measurement.NumericalMeasurementValue/schema.json",
  "title": "iot.measurement.NumericalMeasurementValue",
  "type": "object",
  "additionalProperties": false,
  "properties": {
    "_id": {
      "type": "string",
      "description": "This is a technical attribute that identifies the instance. It must be unique at the system boundary."
    },
    "name": {
      "type": "string",
      "description": "This name brings the semantic for the Element.\nEach name brings a specific and unique semantic.\nEach name is unique classwise.\nTwo instances with the same name have the same semantic.\n"
    },
    "value": {
      "description": "Value of the element"
    },
    "mode": {
      "type": "string",
      "enum": [
        "Ro"
      ],
      "description": "Mode of the value Ro=ReadOnly Rw=ReadWrite"
    },
    "datetime": {
      "type": "string",
      "format": "date-time",
      "description": "The current date and time of the value."
    },
    "quality": {
      "type": "string",
      "enum": [
        "Good",
        "Invalid",
        "Questionable"
      ],
      "description": "Quality of the value.Quality shall be good, invalid or questionable.\n"
    },
    "unit": {
      "type": "string",
      "description": "Name of the unit (attribute name in class Unit)."
    }
  }
}