{
  "$schema": "http://json-schema.org/draft-07/schema#",
  "$id": "iot.modbus.concept/0.12.0/class/iot.modbus.serial.master.SettingsElements/schema.json",
  "title": "iot.modbus.serial.master.SettingsElements",
  "type": "object",
  "additionalProperties": false,
  "description": "Groups Modbus serial master settings elements.",
  "properties": {
    "_id": {
      "type": "string",
      "description": "This is a technical attribute that identifies the instance. It must be unique at the system boundary."
    },
    "parity": {
      "type": "object",
      "additionalProperties": false,
      "description": "Defines the parity bit of the transmitted bytes. The possible values are \"Even\", \"Odd\" or \"None\".",
      "properties": {
        "_id": {
          "type": "string",
          "description": "This is a technical attribute that identifies the instance. It must be unique at the system boundary."
        },
        "name": {
          "type": "string",
          "enum": [
            "ModbusSerial.Parity"
          ],
          "description": "This name brings the semantic for the Element.\nEach name brings a specific and unique semantic.\nEach name is unique classwise.\nTwo instances with the same name have the same semantic.\n"
        },
        "value": {
          "type": "string",
          "description": "Value of the element"
        },
        "mode": {
          "type": "string",
          "enum": [
            "Rw"
          ],
          "description": "Mode of the value Ro=ReadOnly Rw=ReadWrite"
        },
        "locked": {
          "type": "boolean",
          "description": "True if the value can't be modified"
        },
        "enum": {
          "type": "array",
          "items": {
            "type": "string",
            "enum": [
              "Odd",
              "Even",
              "None"
            ]
          },
          "description": "Collection of all possible values for the \"value\" attribute"
        }
      }
    },
    "baud_rate": {
      "type": "object",
      "additionalProperties": false,
      "description": "Defines the speed of the serial line.",
      "properties": {
        "_id": {
          "type": "string",
          "description": "This is a technical attribute that identifies the instance. It must be unique at the system boundary."
        },
        "name": {
          "type": "string",
          "enum": [
            "ModbusSerial.BaudRate"
          ],
          "description": "This name brings the semantic for the Element.\nEach name brings a specific and unique semantic.\nEach name is unique classwise.\nTwo instances with the same name have the same semantic.\n"
        },
        "value": {
          "type": "number",
          "description": "Value of the element"
        },
        "mode": {
          "type": "string",
          "enum": [
            "Rw"
          ],
          "description": "Mode of the value Ro=ReadOnly Rw=ReadWrite"
        },
        "locked": {
          "type": "boolean",
          "description": "True if the value can't be modified"
        },
        "enum": {
          "type": "array",
          "items": {
            "type": "number",
            "enum": [
              1200,
              4800,
              9600,
              19200,
              38400,
              57600,
              115200
            ]
          },
          "description": "Collection of all possible values for the \"value\" attribute"
        },
        "unit": {
          "type": "string",
          "enum": [
            "Bd"
          ]
        }
      }
    },
    "transmission_mode": {
      "type": "object",
      "additionalProperties": false,
      "description": "Defines the transmission mode of a modbus device. \nThe possible values are:\n\n  * RTU: When controllers are setup to communicate on a Modbus network using RTU (Remote Terminal Unit) mode, each eight-bit byte in a message contains two four-bit hexadecimal characters. \n  * ASCII: When controllers are setup to communicate on a Modbus network using ASCII (American Standard Code for Information Interchange) mode, each eight-bit byte in a message is sent as two ASCII characters.\n",
      "properties": {
        "_id": {
          "type": "string",
          "description": "This is a technical attribute that identifies the instance. It must be unique at the system boundary."
        },
        "name": {
          "type": "string",
          "enum": [
            "ModbusSerialMaster.TransmissionMode"
          ],
          "description": "This name brings the semantic for the Element.\nEach name brings a specific and unique semantic.\nEach name is unique classwise.\nTwo instances with the same name have the same semantic.\n"
        },
        "value": {
          "type": "string",
          "description": "Value of the element"
        },
        "mode": {
          "type": "string",
          "enum": [
            "Rw"
          ],
          "description": "Mode of the value Ro=ReadOnly Rw=ReadWrite"
        },
        "locked": {
          "type": "boolean",
          "description": "True if the value can't be modified"
        },
        "enum": {
          "type": "array",
          "items": {
            "type": "string",
            "enum": [
              "RTU"
            ]
          },
          "description": "Collection of all possible values for the \"value\" attribute"
        }
      }
    },
    "silent_interval": {
      "type": "object",
      "additionalProperties": false,
      "description": "Defines the silent interval used to signify the end of a Modbus RTU packet to be extended beyond the 3.5 characters defined by the standard.",
      "properties": {
        "_id": {
          "type": "string",
          "description": "This is a technical attribute that identifies the instance. It must be unique at the system boundary."
        },
        "name": {
          "type": "string",
          "enum": [
            "ModbusSerialMaster.SilentInterval"
          ],
          "description": "This name brings the semantic for the Element.\nEach name brings a specific and unique semantic.\nEach name is unique classwise.\nTwo instances with the same name have the same semantic.\n"
        },
        "value": {
          "type": "number",
          "description": "Value of the element"
        },
        "mode": {
          "type": "string",
          "enum": [
            "Rw"
          ],
          "description": "Mode of the value Ro=ReadOnly Rw=ReadWrite"
        },
        "locked": {
          "type": "boolean",
          "description": "True if the value can't be modified"
        },
        "min": {
          "type": "number",
          "enum": [
            0
          ],
          "description": "Used to specify the minimum for a numerical value. Interval of range is: [min, max]."
        },
        "max": {
          "type": "number",
          "enum": [
            10
          ],
          "description": "Used to specify the maximum for a numerical value. Interval of range is: [min, max]."
        },
        "step": {
          "type": "number",
          "enum": [
            1
          ]
        },
        "unit": {
          "type": "string",
          "enum": [
            "ms"
          ]
        }
      }
    },
    "frames_delay": {
      "type": "object",
      "additionalProperties": false,
      "description": "Define the minimum silent time between the end of a received response and the beginning of a new request on the serial line.",
      "properties": {
        "_id": {
          "type": "string",
          "description": "This is a technical attribute that identifies the instance. It must be unique at the system boundary."
        },
        "name": {
          "type": "string",
          "enum": [
            "ModbusSerialMaster.FramesDelay"
          ],
          "description": "This name brings the semantic for the Element.\nEach name brings a specific and unique semantic.\nEach name is unique classwise.\nTwo instances with the same name have the same semantic.\n"
        },
        "value": {
          "type": "number",
          "description": "Value of the element"
        },
        "mode": {
          "type": "string",
          "enum": [
            "Rw"
          ],
          "description": "Mode of the value Ro=ReadOnly Rw=ReadWrite"
        },
        "locked": {
          "type": "boolean",
          "description": "True if the value can't be modified"
        },
        "min": {
          "type": "number",
          "enum": [
            0
          ],
          "description": "Used to specify the minimum for a numerical value. Interval of range is: [min, max]."
        },
        "max": {
          "type": "number",
          "enum": [
            100
          ],
          "description": "Used to specify the maximum for a numerical value. Interval of range is: [min, max]."
        },
        "step": {
          "type": "number",
          "enum": [
            10
          ]
        },
        "unit": {
          "type": "string",
          "enum": [
            "ms"
          ]
        }
      }
    },
    "nb_stop_bits": {
      "type": "object",
      "additionalProperties": false,
      "description": "Defines the number of stop bits transmitted between two bytes. 1 stop bit if parity is used. 2 bits if no parity.",
      "properties": {
        "_id": {
          "type": "string",
          "description": "This is a technical attribute that identifies the instance. It must be unique at the system boundary."
        },
        "name": {
          "type": "string",
          "enum": [
            "ModbusSerial.NbStopBits"
          ],
          "description": "This name brings the semantic for the Element.\nEach name brings a specific and unique semantic.\nEach name is unique classwise.\nTwo instances with the same name have the same semantic.\n"
        },
        "value": {
          "type": "number",
          "description": "Value of the element"
        },
        "mode": {
          "type": "string",
          "enum": [
            "Rw"
          ],
          "description": "Mode of the value Ro=ReadOnly Rw=ReadWrite"
        },
        "locked": {
          "type": "boolean",
          "description": "True if the value can't be modified"
        },
        "enum": {
          "type": "array",
          "items": {
            "type": "number",
            "enum": [
              1,
              2
            ]
          },
          "description": "Collection of all possible values for the \"value\" attribute"
        }
      }
    },
    "timeout": {
      "type": "object",
      "additionalProperties": false,
      "description": "Defines the time in seconds that master has to wait before generating an error for an unanswered modbus request.",
      "properties": {
        "_id": {
          "type": "string",
          "description": "This is a technical attribute that identifies the instance. It must be unique at the system boundary."
        },
        "name": {
          "type": "string",
          "enum": [
            "ModbusSerialMaster.Timeout"
          ],
          "description": "This name brings the semantic for the Element.\nEach name brings a specific and unique semantic.\nEach name is unique classwise.\nTwo instances with the same name have the same semantic.\n"
        },
        "value": {
          "type": "number",
          "description": "Value of the element"
        },
        "mode": {
          "type": "string",
          "enum": [
            "Rw"
          ],
          "description": "Mode of the value Ro=ReadOnly Rw=ReadWrite"
        },
        "locked": {
          "type": "boolean",
          "description": "True if the value can't be modified"
        },
        "min": {
          "type": "number",
          "enum": [
            0
          ],
          "description": "Used to specify the minimum for a numerical value. Interval of range is: [min, max]."
        },
        "max": {
          "type": "number",
          "enum": [
            20000
          ],
          "description": "Used to specify the maximum for a numerical value. Interval of range is: [min, max]."
        },
        "step": {
          "type": "number",
          "enum": [
            1
          ]
        },
        "unit": {
          "type": "string",
          "enum": [
            "ms"
          ]
        }
      }
    },
    "lin_term_res": {
      "type": "object",
      "additionalProperties": false,
      "description": "Connect or disconnect (electronical) the termination resistor (The terminator resistor is necessary at each extremity of the trunk cable for impedance adaptation).",
      "properties": {
        "_id": {
          "type": "string",
          "description": "This is a technical attribute that identifies the instance. It must be unique at the system boundary."
        },
        "name": {
          "type": "string",
          "enum": [
            "ModbusSerialMaster.LinTermRes"
          ],
          "description": "This name brings the semantic for the Element.\nEach name brings a specific and unique semantic.\nEach name is unique classwise.\nTwo instances with the same name have the same semantic.\n"
        },
        "value": {
          "type": "string",
          "description": "Value of the element"
        },
        "mode": {
          "type": "string",
          "enum": [
            "Rw"
          ],
          "description": "Mode of the value Ro=ReadOnly Rw=ReadWrite"
        },
        "locked": {
          "type": "boolean",
          "description": "True if the value can't be modified"
        },
        "enum": {
          "type": "array",
          "items": {
            "type": "string",
            "enum": [
              "Connect",
              "Disconnect"
            ]
          },
          "description": "Collection of all possible values for the \"value\" attribute"
        }
      }
    },
    "lin_pol": {
      "type": "object",
      "additionalProperties": false,
      "description": "Connect or disconnect (electronical) the polarization resistor. The polarization resistor has to be implemented in one place in the serial line.",
      "properties": {
        "_id": {
          "type": "string",
          "description": "This is a technical attribute that identifies the instance. It must be unique at the system boundary."
        },
        "name": {
          "type": "string",
          "enum": [
            "ModbusSerialMaster.LinPol"
          ],
          "description": "This name brings the semantic for the Element.\nEach name brings a specific and unique semantic.\nEach name is unique classwise.\nTwo instances with the same name have the same semantic.\n"
        },
        "value": {
          "type": "string",
          "description": "Value of the element"
        },
        "mode": {
          "type": "string",
          "enum": [
            "Rw"
          ],
          "description": "Mode of the value Ro=ReadOnly Rw=ReadWrite"
        },
        "locked": {
          "type": "boolean",
          "description": "True if the value can't be modified"
        },
        "enum": {
          "type": "array",
          "items": {
            "type": "string",
            "enum": [
              "Connect",
              "Disconnect"
            ]
          },
          "description": "Collection of all possible values for the \"value\" attribute"
        }
      }
    }
  }
}