{
  "$schema": "http://json-schema.org/draft-07/schema#",
  "$id": "iot.environmental_measurement.concept/0.6.0/class/iot.measurement.environmental.InformationFloatElements/schema.json",
  "title": "iot.measurement.environmental.InformationFloatElements",
  "type": "object",
  "additionalProperties": false,
  "description": "Information Elements",
  "properties": {
    "_id": {
      "type": "string",
      "description": "This is a technical attribute that identifies the instance. It must be unique at the system boundary."
    },
    "minimum_measurable": {
      "type": "object",
      "additionalProperties": false,
      "description": "Minimum environmental measurement measurable. The unit is the same as the measurement it is attached to.",
      "properties": {
        "_id": {
          "type": "string",
          "description": "This is a technical attribute that identifies the instance. It must be unique at the system boundary."
        },
        "name": {
          "type": "string",
          "description": "This name brings the semantic for the Element.\nEach name brings a specific and unique semantic.\nEach name is unique classwise.\nTwo instances with the same name have the same semantic.\n"
        },
        "value": {
          "type": "number",
          "description": "Value of the element"
        },
        "mode": {
          "type": "string",
          "enum": [
            "Ro"
          ],
          "description": "Mode of the value Ro=ReadOnly Rw=ReadWrite"
        },
        "unit": {
          "type": "string"
        }
      }
    },
    "maximum_measurable": {
      "type": "object",
      "additionalProperties": false,
      "description": "Maximum environmental measurement measurable. The unit is the same as the measurement it is attached to.",
      "properties": {
        "_id": {
          "type": "string",
          "description": "This is a technical attribute that identifies the instance. It must be unique at the system boundary."
        },
        "name": {
          "type": "string",
          "description": "This name brings the semantic for the Element.\nEach name brings a specific and unique semantic.\nEach name is unique classwise.\nTwo instances with the same name have the same semantic.\n"
        },
        "value": {
          "type": "number",
          "description": "Value of the element"
        },
        "mode": {
          "type": "string",
          "enum": [
            "Ro"
          ],
          "description": "Mode of the value Ro=ReadOnly Rw=ReadWrite"
        },
        "unit": {
          "type": "string"
        }
      }
    }
  }
}