{
  "$schema": "http://json-schema.org/draft-07/schema#",
  "$id": "iot.io_block.concept/0.10.0/class/iot.io_block.Connection/schema.json",
  "title": "iot.io_block.Connection",
  "type": "object",
  "additionalProperties": false,
  "description": "Connection between two pins",
  "properties": {
    "_id": {
      "type": "string",
      "description": "This is a technical attribute that identifies the instance. It must be unique at the system boundary."
    },
    "name": {
      "type": "string",
      "enum": [
        "IoBlock.Connection"
      ],
      "description": "This name brings the semantic for the Element.\nEach name brings a specific and unique semantic.\nEach name is unique classwise.\nTwo instances with the same name have the same semantic.\n"
    },
    "elements": {
      "type": "object",
      "additionalProperties": false,
      "properties": {
        "_id": {
          "type": "string",
          "description": "This is a technical attribute that identifies the instance. It must be unique at the system boundary."
        },
        "status": {
          "type": "object",
          "additionalProperties": false,
          "description": "Describes the current status of the communication between two devices.\nThe possible values are:\n\n* Connecting: Indicates that two devices are establishing a connection, but it is not yet possible for them to communicate.\n* Connected: Indicates that the connection between two devices has been established. They are able to communicate with each other.\n* NotConnected: Indicates that the connection between two devices has been established. But they are currently not able to communicate with each other.\n* Removing: Indicates that this connection is under a removing process, that will lead to its removal from the CommunicationTopology.Function.",
          "properties": {
            "_id": {
              "type": "string",
              "description": "This is a technical attribute that identifies the instance. It must be unique at the system boundary."
            },
            "name": {
              "type": "string",
              "enum": [
                "CommunicationTopology.ConnectionStatus"
              ],
              "description": "This name brings the semantic for the Element.\nEach name brings a specific and unique semantic.\nEach name is unique classwise.\nTwo instances with the same name have the same semantic.\n"
            },
            "value": {
              "type": "string",
              "enum": [
                "Connecting",
                "Connected",
                "NotConnected",
                "Removing"
              ],
              "description": "Value of the element"
            },
            "mode": {
              "type": "string",
              "enum": [
                "Ro"
              ],
              "description": "Mode of the value Ro=ReadOnly Rw=ReadWrite"
            }
          }
        }
      }
    }
  }
}