{
  "$schema": "http://json-schema.org/draft-07/schema#",
  "$id": "iot.io_block.concept/0.10.0/class/iot.io_block.Function/schema.json",
  "title": "iot.io_block.Function",
  "type": "object",
  "additionalProperties": false,
  "description": "Manages the IO block (pins) aspect of a device. \nFor digital output pins, specific settings depending on the mode of the pins can be found in the IO pulse function (for pulse mode) or in the IO status function (for status and impulse relay).\n",
  "properties": {
    "_id": {
      "type": "string",
      "description": "This is a technical attribute that identifies the instance. It must be unique at the system boundary."
    },
    "name": {
      "type": "string",
      "enum": [
        "IoBlock.Function"
      ],
      "description": "The name of a function is restricted to following rule: it must end with \".Function\".\nThis allows to easily discriminate functions from the other classes.\n"
    }
  }
}