{
  "$schema": "http://json-schema.org/draft-07/schema#",
  "$id": "iot.measurement_management.concept/0.7.0/class/iot.measurement.electrical.TotalHarmonicDistortionCalculationMethod/schema.json",
  "title": "iot.measurement.electrical.TotalHarmonicDistortionCalculationMethod",
  "type": "object",
  "additionalProperties": false,
  "description": "Allows to select the calculation method for Total Harmonic Distortions. \n\nThe following calculation method are available:\n\n  * Rms: Total Harmonic Distortion are calculated with the sum of all the Harmonic components including the fundamental harmonic\n  * Fundamental: Total Harmonic Distortion are calculated with the first Harmonic (also called fundamental harmonic)\n",
  "properties": {
    "_id": {
      "type": "string",
      "description": "This is a technical attribute that identifies the instance. It must be unique at the system boundary."
    },
    "name": {
      "type": "string",
      "enum": [
        "MeasurementManagement.TotalHarmonicDistortionCalculationMethod"
      ],
      "description": "This name brings the semantic for the Element.\nEach name brings a specific and unique semantic.\nEach name is unique classwise.\nTwo instances with the same name have the same semantic.\n"
    },
    "value": {
      "type": "string",
      "description": "Value of the element"
    },
    "mode": {
      "type": "string",
      "enum": [
        "Rw"
      ],
      "description": "Mode of the value Ro=ReadOnly Rw=ReadWrite"
    },
    "locked": {
      "type": "boolean",
      "description": "True if the value can't be modified"
    },
    "enum": {
      "type": "array",
      "items": {
        "type": "string",
        "enum": [
          "Rms",
          "Fundamental"
        ]
      },
      "description": "Collection of all possible values for the \"value\" attribute"
    }
  }
}