{
  "$schema": "http://json-schema.org/draft-07/schema#",
  "$id": "iot.electrical.topology.concept/0.1.0/class/iot.electrical.topology.Label/schema.json",
  "title": "iot.electrical.topology.Label",
  "type": "object",
  "additionalProperties": false,
  "description": "",
  "properties": {
    "_id": {
      "type": "string",
      "description": "This is a technical attribute that identifies the instance. It must be unique at the system boundary."
    },
    "name": {
      "type": "string",
      "enum": [
        "ElectricalTopology.Label"
      ],
      "description": "This name brings the semantic for the Element.\nEach name brings a specific and unique semantic.\nEach name is unique classwise.\nTwo instances with the same name have the same semantic.\n"
    },
    "value": {
      "type": "string",
      "description": "Value of the element"
    },
    "mode": {
      "type": "string",
      "enum": [
        "Rw"
      ],
      "description": "Mode of the value Ro=ReadOnly Rw=ReadWrite"
    },
    "locked": {
      "type": "boolean",
      "description": "True if the value can't be modified"
    }
  }
}