{
  "$schema": "http://json-schema.org/draft-07/schema#",
  "$id": "iot.firmware.concept/0.2.1/class/iot.firmware.ExecutionStage/schema.json",
  "title": "iot.firmware.ExecutionStage",
  "type": "object",
  "additionalProperties": false,
  "description": "Specifies the type of the associated firmware.\n\n    * Boot: Sequential execution of firmware from processor boot code to applicative firmware.\n    * Kernel: The core component of an operating system\n    * FS: The File System controls how the data is stored and retrieved\n    * App: Any firmware that is executed from File System\n    * None: Used for a single global firmware including multiple sub modules.\n",
  "properties": {
    "_id": {
      "type": "string",
      "description": "This is a technical attribute that identifies the instance. It must be unique at the system boundary."
    },
    "name": {
      "type": "string",
      "enum": [
        "Firmware.ExecutionStage"
      ],
      "description": "This name brings the semantic for the Element.\nEach name brings a specific and unique semantic.\nEach name is unique classwise.\nTwo instances with the same name have the same semantic.\n"
    },
    "value": {
      "type": "string",
      "enum": [
        "Boot",
        "Kernel",
        "FS",
        "App",
        "None"
      ],
      "description": "Value of the element"
    },
    "mode": {
      "type": "string",
      "enum": [
        "Ro"
      ],
      "description": "Mode of the value Ro=ReadOnly Rw=ReadWrite"
    }
  }
}