{
  "$schema": "http://json-schema.org/draft-07/schema#",
  "$id": "iot.measurement_management.concept/0.7.0/class/iot.measurement.electrical.RmsMaxResetInf/schema.json",
  "title": "iot.measurement.electrical.RmsMaxResetInf",
  "type": "object",
  "additionalProperties": false,
  "description": "Information about reset RMS max",
  "properties": {
    "_id": {
      "type": "string",
      "description": "This is a technical attribute that identifies the instance. It must be unique at the system boundary."
    },
    "name": {
      "type": "string",
      "enum": [
        "MeasurementManagement.RmsMaxResetInf"
      ],
      "description": "This name brings the semantic for the Element.\nEach name brings a specific and unique semantic.\nEach name is unique classwise.\nTwo instances with the same name have the same semantic.\n"
    },
    "value": {
      "type": "string",
      "format": "date-time",
      "description": "Value of the element"
    },
    "mode": {
      "type": "string",
      "enum": [
        "Ro"
      ],
      "description": "Mode of the value Ro=ReadOnly Rw=ReadWrite"
    }
  }
}