{
  "$schema": "http://json-schema.org/draft-07/schema#",
  "$id": "iot.communication_topology.concept/0.5.0/class/iot.communication.topo.Function/schema.json",
  "title": "iot.communication.topo.Function",
  "type": "object",
  "additionalProperties": false,
  "description": "Describes the Function that contains a list of connections across all supported protocol (Modbus, ZigBee...)",
  "properties": {
    "_id": {
      "type": "string",
      "description": "This is a technical attribute that identifies the instance. It must be unique at the system boundary."
    },
    "name": {
      "type": "string",
      "enum": [
        "CommunicationTopology.Function"
      ],
      "description": "The name of a function is restricted to following rule: it must end with \".Function\".\nThis allows to easily discriminate functions from the other classes.\n"
    }
  }
}