{
  "$schema": "http://json-schema.org/draft-07/schema#",
  "$id": "iot.firmware.concept/0.2.1/class/iot.firmware.ModuleElements/schema.json",
  "title": "iot.firmware.ModuleElements",
  "type": "object",
  "additionalProperties": false,
  "description": "Firmware Management Module elements.",
  "properties": {
    "_id": {
      "type": "string",
      "description": "This is a technical attribute that identifies the instance. It must be unique at the system boundary."
    },
    "firmware_name": {
      "type": "object",
      "additionalProperties": false,
      "description": "Management code or commercial reference",
      "properties": {
        "_id": {
          "type": "string",
          "description": "This is a technical attribute that identifies the instance. It must be unique at the system boundary."
        },
        "name": {
          "type": "string",
          "enum": [
            "Firmware.Name"
          ],
          "description": "This name brings the semantic for the Element.\nEach name brings a specific and unique semantic.\nEach name is unique classwise.\nTwo instances with the same name have the same semantic.\n"
        },
        "value": {
          "type": "string",
          "description": "Value of the element"
        },
        "mode": {
          "type": "string",
          "enum": [
            "Ro"
          ],
          "description": "Mode of the value Ro=ReadOnly Rw=ReadWrite"
        }
      }
    },
    "revision": {
      "type": "object",
      "additionalProperties": false,
      "description": "Revision formatted as \"xxx.yyy.zzz\" (ref. PTI021 - Power Data Model Invariant - Revision Management)",
      "properties": {
        "_id": {
          "type": "string",
          "description": "This is a technical attribute that identifies the instance. It must be unique at the system boundary."
        },
        "name": {
          "type": "string",
          "enum": [
            "Firmware.Revision"
          ],
          "description": "This name brings the semantic for the Element.\nEach name brings a specific and unique semantic.\nEach name is unique classwise.\nTwo instances with the same name have the same semantic.\n"
        },
        "value": {
          "type": "string",
          "description": "Value of the element"
        },
        "mode": {
          "type": "string",
          "enum": [
            "Ro"
          ],
          "description": "Mode of the value Ro=ReadOnly Rw=ReadWrite"
        }
      }
    },
    "Firmwaretype": {
      "type": "object",
      "additionalProperties": false,
      "description": "Firmware module type:\n\n* Production: Firmware module that can be deployed on client product (eq. Tested and validated modules)\n* Industrialization: Firmware module specific to industrialization phase and test \n* Development: Test firmware module for internal use only.\n* Demo : Demonstration firmware module that can be deployed on a client product with a deadline or limited functionnalities.\n",
      "properties": {
        "_id": {
          "type": "string",
          "description": "This is a technical attribute that identifies the instance. It must be unique at the system boundary."
        },
        "name": {
          "type": "string",
          "enum": [
            "Firmware.FirmwareType"
          ],
          "description": "This name brings the semantic for the Element.\nEach name brings a specific and unique semantic.\nEach name is unique classwise.\nTwo instances with the same name have the same semantic.\n"
        },
        "value": {
          "type": "string",
          "enum": [
            "Prod",
            "Indus",
            "Dev",
            "Demo"
          ],
          "description": "Value of the element"
        },
        "mode": {
          "type": "string",
          "enum": [
            "Ro"
          ],
          "description": "Mode of the value Ro=ReadOnly Rw=ReadWrite"
        }
      }
    },
    "variant": {
      "type": "object",
      "additionalProperties": false,
      "description": "Identifier for custom firmware.\nVariant is a optional attribute to identify a firmware as a custom firmware.\nIt is only used to distinguish a specific version of a firmware for a client from the main version of the firmware.\n",
      "properties": {
        "_id": {
          "type": "string",
          "description": "This is a technical attribute that identifies the instance. It must be unique at the system boundary."
        },
        "name": {
          "type": "string",
          "enum": [
            "Firmware.Variant"
          ],
          "description": "This name brings the semantic for the Element.\nEach name brings a specific and unique semantic.\nEach name is unique classwise.\nTwo instances with the same name have the same semantic.\n"
        },
        "value": {
          "type": "string",
          "description": "Value of the element"
        },
        "mode": {
          "type": "string",
          "enum": [
            "Ro"
          ],
          "description": "Mode of the value Ro=ReadOnly Rw=ReadWrite"
        }
      }
    },
    "deployment": {
      "type": "object",
      "additionalProperties": false,
      "description": "Specifies how a firmware module is deployed:\n\n  * Add-on: the application is not part of the main firmware module and can be deployed independently.\n  * Built-in: the application is part of the main firmware module and cannot be added/removed independently.\n",
      "properties": {
        "_id": {
          "type": "string",
          "description": "This is a technical attribute that identifies the instance. It must be unique at the system boundary."
        },
        "name": {
          "type": "string",
          "enum": [
            "Firmware.Deployment"
          ],
          "description": "This name brings the semantic for the Element.\nEach name brings a specific and unique semantic.\nEach name is unique classwise.\nTwo instances with the same name have the same semantic.\n"
        },
        "value": {
          "type": "string",
          "enum": [
            "Add-on",
            "Built-in"
          ],
          "description": "Value of the element"
        },
        "mode": {
          "type": "string",
          "enum": [
            "Ro"
          ],
          "description": "Mode of the value Ro=ReadOnly Rw=ReadWrite"
        }
      }
    },
    "execution_stage": {
      "type": "object",
      "additionalProperties": false,
      "description": "Specifies the type of the associated firmware.\n\n    * Boot: Sequential execution of firmware from processor boot code to applicative firmware.\n    * Kernel: The core component of an operating system\n    * FS: The File System controls how the data is stored and retrieved\n    * App: Any firmware that is executed from File System\n    * None: Used for a single global firmware including multiple sub modules.\n",
      "properties": {
        "_id": {
          "type": "string",
          "description": "This is a technical attribute that identifies the instance. It must be unique at the system boundary."
        },
        "name": {
          "type": "string",
          "enum": [
            "Firmware.ExecutionStage"
          ],
          "description": "This name brings the semantic for the Element.\nEach name brings a specific and unique semantic.\nEach name is unique classwise.\nTwo instances with the same name have the same semantic.\n"
        },
        "value": {
          "type": "string",
          "enum": [
            "Boot",
            "Kernel",
            "FS",
            "App",
            "None"
          ],
          "description": "Value of the element"
        },
        "mode": {
          "type": "string",
          "enum": [
            "Ro"
          ],
          "description": "Mode of the value Ro=ReadOnly Rw=ReadWrite"
        }
      }
    },
    "last_security_version": {
      "type": "object",
      "additionalProperties": false,
      "description": "Indicates the last revision of the security patch of the module. The downgrade of this module to a revision lower than this revision is prohibited.",
      "properties": {
        "_id": {
          "type": "string",
          "description": "This is a technical attribute that identifies the instance. It must be unique at the system boundary."
        },
        "name": {
          "type": "string",
          "enum": [
            "Firmware.LastSecurityRevision"
          ],
          "description": "This name brings the semantic for the Element.\nEach name brings a specific and unique semantic.\nEach name is unique classwise.\nTwo instances with the same name have the same semantic.\n"
        },
        "value": {
          "type": "string",
          "description": "Value of the element"
        },
        "mode": {
          "type": "string",
          "enum": [
            "Ro"
          ],
          "description": "Mode of the value Ro=ReadOnly Rw=ReadWrite"
        }
      }
    }
  }
}