{
  "$schema": "http://json-schema.org/draft-07/schema#",
  "$id": "iot.data_publication.concept/0.2.0/class/iot.data_publication.StartStopServiceParameters/schema.json",
  "title": "iot.data_publication.StartStopServiceParameters",
  "type": "object",
  "additionalProperties": false,
  "description": "Parameters of Start/Stop Publication Service",
  "properties": {
    "_id": {
      "type": "string",
      "description": "This is a technical attribute that identifies the instance. It must be unique at the system boundary."
    },
    "action": {
      "type": "string",
      "enum": [
        "Start",
        "Stop"
      ],
      "description": "Action to be performed by the start/stop publication service: either start or stop.\n"
    }
  }
}