{
  "$schema": "http://json-schema.org/draft-07/schema#",
  "$id": "iot.environmental_measurement.concept/0.6.0/class/iot.measurement.environmental.Information/schema.json",
  "title": "iot.measurement.environmental.Information",
  "type": "object",
  "additionalProperties": false,
  "description": "Information about environmental measurement.",
  "properties": {
    "_id": {
      "type": "string",
      "description": "This is a technical attribute that identifies the instance. It must be unique at the system boundary."
    },
    "name": {
      "type": "string",
      "pattern": "EnvironmentalMeasurement\\..+Information",
      "description": "This name brings the semantic for the Element.\nEach name brings a specific and unique semantic.\nEach name is unique classwise.\nTwo instances with the same name have the same semantic.\n"
    }
  }
}