{
  "$schema": "http://json-schema.org/draft-07/schema#",
  "$id": "iot.io_block.concept/0.10.0/class/iot.io_block.PinOutputStatus/schema.json",
  "title": "iot.io_block.PinOutputStatus",
  "type": "object",
  "additionalProperties": false,
  "description": "Only relevant when pin mode is set to *Status* or *ImpulseRelay*.\nWhen the pin mode is set to *Status*, this information represents the status associated to the pin signal.\nIn that case, the value will be equal to :\n\n* False when the pin signal is *Low*\n* True when the pin signal is *High*.\n\nWhen pin mode is set to *ImpulseRelay*, this information represents the current status.\nEvery time a pulse is received, the status toggles from true to false (or vice-versa depending of the previous value).\n",
  "properties": {
    "_id": {
      "type": "string",
      "description": "This is a technical attribute that identifies the instance. It must be unique at the system boundary."
    },
    "name": {
      "type": "string",
      "enum": [
        "IoBlock.PinOutputStatus"
      ],
      "description": "This name brings the semantic for the Element.\nEach name brings a specific and unique semantic.\nEach name is unique classwise.\nTwo instances with the same name have the same semantic.\n"
    },
    "value": {
      "type": "boolean",
      "description": "Value of the element"
    },
    "mode": {
      "type": "string",
      "enum": [
        "Ro"
      ],
      "description": "Mode of the value Ro=ReadOnly Rw=ReadWrite"
    },
    "datetime": {
      "type": "string",
      "format": "date-time",
      "description": "DateTime of last change"
    },
    "quality": {
      "type": "string",
      "enum": [
        "Good",
        "Invalid",
        "Questionable"
      ],
      "description": "Quality of the value. Quality shall be good, invalid or questionable.\n"
    }
  }
}