{
  "$schema": "http://json-schema.org/draft-07/schema#",
  "$id": "iot.base.concept/0.15.6/class/iot.base.synthesis.NameMapping/schema.json",
  "title": "iot.base.synthesis.NameMapping",
  "type": "object",
  "additionalProperties": false,
  "description": "Brings a mapping between an IoT names and a single objects.\n The purpose is to reduce the passthrough to objects in order to simplify the human understanding.\n Since the graph can be complex with functional redundancy not all objects could be mapped to a name.\n In that case the classical graph passthrough will still be necessary to reach the objects.\n The scope of the mapping is relative to the component that brings the function.\n A sub component may also bring its own mapping in order to refine the mapping.\n Nevertheless, the initial intent is to get only one mapping in the top component.\n\nNOTE: This class does not respect the IoT base pattern.\n      The structure of NameMappingElement class it uses allows more compacity which is necessary regarding the amount of information it may bring.\n",
  "properties": {
    "_id": {
      "type": "string",
      "description": "This is a technical attribute that identifies the instance. It must be unique at the system boundary."
    },
    "name": {
      "type": "string",
      "enum": [
        "Synthesis.NameMapping"
      ]
    },
    "elements": {
      "type": "array",
      "items": {
        "type": "object",
        "additionalProperties": false,
        "description": "Allows to map an IoT name to a specific object.\n\nNOTE: This class does not respect the IoT base pattern.\n      Its structure allows more compacity which is necessary regarding the amount of information it may bring.\n",
        "properties": {
          "_id": {
            "type": "string",
            "description": "This is a technical attribute that identifies the instance. It must be unique at the system boundary."
          },
          "name": {
            "type": "string",
            "description": "Specify the IoT name to be mapped.\nThis corresponds of the `name` attribute present in every IoT element.\n"
          },
          "id": {
            "type": "string",
            "description": "Specify the object identifier which the name is mapped to.\nThe identifier of an object is brought by its `_id` attribute.\n"
          },
          "access": {
            "type": "string",
            "enum": [
              "data",
              "invocation"
            ],
            "description": "Specify the type of access to the object:\n\n* `data`: The object holds data that can be read and written.\n* `invocation`: The object brings a service that can be invoked.\n"
          }
        }
      }
    }
  }
}