{
  "$schema": "http://json-schema.org/draft-07/schema#",
  "$id": "iot.io_block.concept/0.10.0/class/iot.io_block.PulseWidth/schema.json",
  "title": "iot.io_block.PulseWidth",
  "type": "object",
  "additionalProperties": false,
  "description": "Expressed in milliseconds.\nAllows to set the duration of a pulse.\nIn status mode, this setting is not taken into account.\n",
  "properties": {
    "_id": {
      "type": "string",
      "description": "This is a technical attribute that identifies the instance. It must be unique at the system boundary."
    },
    "name": {
      "type": "string",
      "enum": [
        "IoBlock.PulseWidth"
      ],
      "description": "This name brings the semantic for the Element.\nEach name brings a specific and unique semantic.\nEach name is unique classwise.\nTwo instances with the same name have the same semantic.\n"
    },
    "value": {
      "type": "number",
      "description": "Value of the element"
    },
    "mode": {
      "type": "string",
      "enum": [
        "Rw"
      ],
      "description": "Mode of the value Ro=ReadOnly Rw=ReadWrite"
    },
    "locked": {
      "type": "boolean",
      "description": "True if the value can't be modified"
    },
    "min": {
      "type": "number",
      "description": "Used to specify the minimum for a numerical value. Interval of range is: [min, max]."
    },
    "max": {
      "type": "number",
      "description": "Used to specify the maximum for a numerical value. Interval of range is: [min, max]."
    },
    "unit": {
      "type": "string",
      "enum": [
        "ms"
      ]
    },
    "enum": {
      "type": "array",
      "items": {
        "type": "number"
      }
    },
    "step": {
      "type": "number"
    }
  }
}