{
  "$schema": "http://json-schema.org/draft-07/schema#",
  "$id": "iot.base.concept/0.15.6/class/iot.base.service.TemplateReturn/schema.json",
  "title": "iot.base.service.TemplateReturn",
  "type": "object",
  "additionalProperties": false,
  "properties": {
    "_id": {
      "type": "string",
      "description": "This is a technical attribute that identifies the instance. It must be unique at the system boundary."
    },
    "c": {
      "type": "number",
      "description": "First returned value\n"
    },
    "d": {
      "type": "number",
      "description": "Second returned value\n"
    }
  }
}