{
  "$schema": "http://json-schema.org/draft-07/schema#",
  "$id": "iot.io_block.concept/0.10.0/class/iot.io_connection.DisconnectIoDevicePinServiceParameters/schema.json",
  "title": "iot.io_connection.DisconnectIoDevicePinServiceParameters",
  "type": "object",
  "additionalProperties": false,
  "description": "Contains parameters of service to disconnect pins",
  "properties": {
    "_id": {
      "type": "string",
      "description": "This is a technical attribute that identifies the instance. It must be unique at the system boundary."
    },
    "connection_id": {
      "type": "string",
      "description": "Identifier of the IO connection that we want to delete. The removal of this connection will automatically disconnect the connected pins on this connection."
    }
  }
}