{
  "$schema": "http://json-schema.org/draft-07/schema#",
  "$id": "iot.data_sampling.concept/0.3.0/class/iot.data_sampling.CreateGroupServiceReturn/schema.json",
  "title": "iot.data_sampling.CreateGroupServiceReturn",
  "type": "object",
  "additionalProperties": false,
  "description": "The service return the FORUM identifier of the new group.",
  "properties": {
    "_id": {
      "type": "string",
      "description": "This is a technical attribute that identifies the instance. It must be unique at the system boundary."
    },
    "forum_group_id": {
      "type": "string",
      "description": "Identifier of the sampling group"
    }
  }
}