{
  "$schema": "http://json-schema.org/draft-07/schema#",
  "$id": "iot.networking.ethernet.concept/0.4.0/class/iot.networking.ethernet.StormProtLvl/schema.json",
  "title": "iot.networking.ethernet.StormProtLvl",
  "type": "object",
  "additionalProperties": false,
  "description": "Storm control level enables you to prevent network outages caused by broadcast storms on the LAN. From None to Highest. An invocation of the Networking.ConfigurationManagement.Service is required to apply this setting.",
  "properties": {
    "_id": {
      "type": "string",
      "description": "This is a technical attribute that identifies the instance. It must be unique at the system boundary."
    },
    "name": {
      "type": "string",
      "enum": [
        "Ethernet.StormProtLvl"
      ],
      "description": "This name brings the semantic for the Element.\nEach name brings a specific and unique semantic.\nEach name is unique classwise.\nTwo instances with the same name have the same semantic.\n"
    },
    "value": {
      "type": "string",
      "description": "Value of the element"
    },
    "mode": {
      "type": "string",
      "enum": [
        "Rw"
      ],
      "description": "Mode of the value Ro=ReadOnly Rw=ReadWrite"
    },
    "locked": {
      "type": "boolean",
      "description": "True if the value can't be modified"
    },
    "enum": {
      "type": "array",
      "items": {
        "type": "string",
        "enum": [
          "Highest",
          "High",
          "MediumHigh",
          "MediumLow",
          "Low",
          "Lowest",
          "None"
        ]
      },
      "description": "Collection of all possible values for the \"value\" attribute"
    }
  }
}