{
  "$schema": "http://json-schema.org/draft-07/schema#",
  "$id": "iot.data_sampling.concept/0.3.0/class/iot.data_sampling.CreateGroupServiceParametersInfo/schema.json",
  "title": "iot.data_sampling.CreateGroupServiceParametersInfo",
  "type": "object",
  "additionalProperties": false,
  "description": "Information about the Create Group Sampling Service parameters",
  "properties": {
    "_id": {
      "type": "string",
      "description": "This is a technical attribute that identifies the instance. It must be unique at the system boundary."
    },
    "period": {
      "type": "object",
      "additionalProperties": false,
      "description": "Describes the list of parameters available for the Create Group Sampling Service.",
      "properties": {
        "_id": {
          "type": "string",
          "description": "This is a technical attribute that identifies the instance. It must be unique at the system boundary."
        },
        "enum": {
          "type": "array",
          "items": {
            "type": "number"
          }
        }
      }
    }
  }
}