{
  "$schema": "http://json-schema.org/draft-07/schema#",
  "$id": "iot.modbus.environment.concept/0.2.0/class/iot.modbus.environment.ModbusDiscoverySettings/schema.json",
  "title": "iot.modbus.environment.ModbusDiscoverySettings",
  "type": "object",
  "additionalProperties": false,
  "description": "Settings related to the Modbus discovery simulation. \nThese settings allow defining the list of Modbus devices that will be discovered each time a discovery is launched.\nEach Modbus device is associated with a delay, which is the time that will elapse between the start of the discovery and the discovery of the device.\nEach Modbus device is also associated with a slave_id, which is the unique identifier of Modbus device.\n",
  "properties": {
    "_id": {
      "type": "string",
      "description": "This is a technical attribute that identifies the instance. It must be unique at the system boundary."
    },
    "devices": {
      "type": "array",
      "items": {
        "type": "object",
        "additionalProperties": false,
        "description": "Simulated modbus device settings.",
        "properties": {
          "_id": {
            "type": "string",
            "description": "This is a technical attribute that identifies the instance. It must be unique at the system boundary."
          },
          "modeling_package_name": {
            "type": "string",
            "description": "Identifier of the modeling package of the device that we want to simulate a discovery."
          },
          "delay": {
            "type": "number",
            "description": "Time required between the start of the discovery and the discovery of this device.\nNote: In order to add the device to the model, an additional loading time is added to this delay due to the loading of the modeling package (this loading time may change between devices).\n"
          },
          "slave_id": {
            "type": "number",
            "description": "It is the unique identifier of Modbus device\n"
          }
        }
      },
      "description": "Simulated modbus devices settings."
    }
  }
}