{
  "$schema": "http://json-schema.org/draft-07/schema#",
  "$id": "iot.networking.ethernet.concept/0.4.0/class/iot.networking.ethernet.DplxTxSpdMode/schema.json",
  "title": "iot.networking.ethernet.DplxTxSpdMode",
  "type": "object",
  "additionalProperties": false,
  "description": "Duplex transmission speed mode. Allows to define the communication speed. The possible values are 10Mbps, 100Mbps, 1Gbps. An invocation of the Networking.ConfigurationManagement.Service is required to apply this setting. It is advised that all the networking settings are consistent together before calling the service.",
  "properties": {
    "_id": {
      "type": "string",
      "description": "This is a technical attribute that identifies the instance. It must be unique at the system boundary."
    },
    "name": {
      "type": "string",
      "enum": [
        "Ethernet.DplxTxSpdMode"
      ],
      "description": "This name brings the semantic for the Element.\nEach name brings a specific and unique semantic.\nEach name is unique classwise.\nTwo instances with the same name have the same semantic.\n"
    },
    "value": {
      "type": "string",
      "description": "Value of the element"
    },
    "mode": {
      "type": "string",
      "enum": [
        "Rw"
      ],
      "description": "Mode of the value Ro=ReadOnly Rw=ReadWrite"
    },
    "locked": {
      "type": "boolean",
      "description": "True if the value can't be modified"
    },
    "enum": {
      "type": "array",
      "items": {
        "type": "string",
        "enum": [
          "10Mbps",
          "100Mbps",
          "1Gbps"
        ]
      },
      "description": "Collection of all possible values for the \"value\" attribute"
    }
  }
}