{
  "$schema": "http://json-schema.org/draft-07/schema#",
  "$id": "iot.networking.ip_interface.concept/0.6.0/class/iot.networking.ip.interface.IpV4SetElements/schema.json",
  "title": "iot.networking.ip.interface.IpV4SetElements",
  "type": "object",
  "additionalProperties": false,
  "description": "IPv4 Settings Elements",
  "properties": {
    "_id": {
      "type": "string",
      "description": "This is a technical attribute that identifies the instance. It must be unique at the system boundary."
    },
    "ip_address": {
      "type": "object",
      "additionalProperties": false,
      "description": "IPv4 address configuration. The IPv4 address MUST be following this pattern : `XXX.XXX.XXX.XXX` where XXX MUST be a number between 0 and 255. An invocation of the Networking.ConfigurationManagement.Service is required to apply this setting.",
      "properties": {
        "_id": {
          "type": "string",
          "description": "This is a technical attribute that identifies the instance. It must be unique at the system boundary."
        },
        "name": {
          "type": "string",
          "enum": [
            "IpInterface.IpV4Address"
          ],
          "description": "This name brings the semantic for the Element.\nEach name brings a specific and unique semantic.\nEach name is unique classwise.\nTwo instances with the same name have the same semantic.\n"
        },
        "value": {
          "type": "string",
          "description": "Value of the element"
        },
        "mode": {
          "type": "string",
          "enum": [
            "Rw"
          ],
          "description": "Mode of the value Ro=ReadOnly Rw=ReadWrite"
        },
        "locked": {
          "type": "boolean",
          "description": "True if the value can't be modified"
        }
      }
    },
    "netmask": {
      "type": "object",
      "additionalProperties": false,
      "description": "Netmask associated to an IP address. The netmask address MUST be following this pattern : `XXX.XXX.XXX.XXX` where XXX MUST be a number between 0 and 255. An invocation of the Networking.ConfigurationManagement.Service is required to apply this setting.",
      "properties": {
        "_id": {
          "type": "string",
          "description": "This is a technical attribute that identifies the instance. It must be unique at the system boundary."
        },
        "name": {
          "type": "string",
          "enum": [
            "IpInterface.Netmask"
          ],
          "description": "This name brings the semantic for the Element.\nEach name brings a specific and unique semantic.\nEach name is unique classwise.\nTwo instances with the same name have the same semantic.\n"
        },
        "value": {
          "type": "string",
          "description": "Value of the element"
        },
        "mode": {
          "type": "string",
          "enum": [
            "Rw"
          ],
          "description": "Mode of the value Ro=ReadOnly Rw=ReadWrite"
        },
        "locked": {
          "type": "boolean",
          "description": "True if the value can't be modified"
        }
      }
    },
    "assignment_mode": {
      "type": "object",
      "additionalProperties": false,
      "description": "Assignment mode to be used for IP v4 address configuration: \n\n  * Static : Manually assign IP address/Subnet mask and IP address of default Gateway. \n  * Bootp : Automatically assign an IP address to network device from a configuration server. \n  * Dhcp : Automatically assign IP address/Subnet mask. \n\nAn invocation of the Networking.ConfigurationManagement.Service is required to apply this setting.\n",
      "properties": {
        "_id": {
          "type": "string",
          "description": "This is a technical attribute that identifies the instance. It must be unique at the system boundary."
        },
        "name": {
          "type": "string",
          "enum": [
            "IpInterface.IpV4AssignmentMode"
          ],
          "description": "This name brings the semantic for the Element.\nEach name brings a specific and unique semantic.\nEach name is unique classwise.\nTwo instances with the same name have the same semantic.\n"
        },
        "value": {
          "type": "string",
          "description": "Value of the element"
        },
        "mode": {
          "type": "string",
          "enum": [
            "Rw"
          ],
          "description": "Mode of the value Ro=ReadOnly Rw=ReadWrite"
        },
        "locked": {
          "type": "boolean",
          "description": "True if the value can't be modified"
        },
        "enum": {
          "type": "array",
          "items": {
            "type": "string",
            "enum": [
              "Static",
              "Bootp",
              "Dhcp"
            ]
          },
          "description": "Collection of all possible values for the \"value\" attribute"
        }
      }
    }
  }
}