{
  "$schema": "http://json-schema.org/draft-07/schema#",
  "$id": "iot.modbus.concept/0.12.0/class/iot.modbus.serial.slave.SettingsElements/schema.json",
  "title": "iot.modbus.serial.slave.SettingsElements",
  "type": "object",
  "additionalProperties": false,
  "description": "Groups Modbus serial slave settings elements classes",
  "properties": {
    "_id": {
      "type": "string",
      "description": "This is a technical attribute that identifies the instance. It must be unique at the system boundary."
    },
    "slave_id": {
      "type": "object",
      "additionalProperties": false,
      "description": "Modbus address (also called slave ID) of the device. The address must be unique for each device in the modbus serial network.",
      "properties": {
        "_id": {
          "type": "string",
          "description": "This is a technical attribute that identifies the instance. It must be unique at the system boundary."
        },
        "name": {
          "type": "string",
          "enum": [
            "ModbusSerial.SlaveId"
          ],
          "description": "This name brings the semantic for the Element.\nEach name brings a specific and unique semantic.\nEach name is unique classwise.\nTwo instances with the same name have the same semantic.\n"
        },
        "value": {
          "type": "number",
          "description": "Value of the element"
        },
        "mode": {
          "type": "string",
          "enum": [
            "Rw"
          ],
          "description": "Mode of the value Ro=ReadOnly Rw=ReadWrite"
        },
        "locked": {
          "type": "boolean",
          "description": "True if the value can't be modified"
        },
        "min": {
          "type": "number",
          "enum": [
            1
          ],
          "description": "Used to specify the minimum for a numerical value. Interval of range is: [min, max]."
        },
        "max": {
          "type": "number",
          "enum": [
            247
          ],
          "description": "Used to specify the maximum for a numerical value. Interval of range is: [min, max]."
        },
        "step": {
          "type": "number",
          "enum": [
            1
          ]
        }
      }
    },
    "parity": {
      "type": "object",
      "additionalProperties": false,
      "description": "Defines the parity bit of the transmitted bytes. The possible values are \"Even\", \"Odd\" or \"None\".",
      "properties": {
        "_id": {
          "type": "string",
          "description": "This is a technical attribute that identifies the instance. It must be unique at the system boundary."
        },
        "name": {
          "type": "string",
          "enum": [
            "ModbusSerial.Parity"
          ],
          "description": "This name brings the semantic for the Element.\nEach name brings a specific and unique semantic.\nEach name is unique classwise.\nTwo instances with the same name have the same semantic.\n"
        },
        "value": {
          "type": "string",
          "description": "Value of the element"
        },
        "mode": {
          "type": "string",
          "enum": [
            "Rw"
          ],
          "description": "Mode of the value Ro=ReadOnly Rw=ReadWrite"
        },
        "locked": {
          "type": "boolean",
          "description": "True if the value can't be modified"
        },
        "enum": {
          "type": "array",
          "items": {
            "type": "string",
            "enum": [
              "Odd",
              "Even",
              "None"
            ]
          },
          "description": "Collection of all possible values for the \"value\" attribute"
        }
      }
    },
    "baud_rate": {
      "type": "object",
      "additionalProperties": false,
      "description": "Defines the speed of the serial line.",
      "properties": {
        "_id": {
          "type": "string",
          "description": "This is a technical attribute that identifies the instance. It must be unique at the system boundary."
        },
        "name": {
          "type": "string",
          "enum": [
            "ModbusSerial.BaudRate"
          ],
          "description": "This name brings the semantic for the Element.\nEach name brings a specific and unique semantic.\nEach name is unique classwise.\nTwo instances with the same name have the same semantic.\n"
        },
        "value": {
          "type": "number",
          "description": "Value of the element"
        },
        "mode": {
          "type": "string",
          "enum": [
            "Rw"
          ],
          "description": "Mode of the value Ro=ReadOnly Rw=ReadWrite"
        },
        "locked": {
          "type": "boolean",
          "description": "True if the value can't be modified"
        },
        "enum": {
          "type": "array",
          "items": {
            "type": "number",
            "enum": [
              1200,
              4800,
              9600,
              19200,
              38400,
              57600,
              115200
            ]
          },
          "description": "Collection of all possible values for the \"value\" attribute"
        },
        "unit": {
          "type": "string",
          "enum": [
            "Bd"
          ]
        }
      }
    },
    "nb_stop_bits": {
      "type": "object",
      "additionalProperties": false,
      "description": "Defines the number of stop bits transmitted between two bytes. 1 stop bit if parity is used. 2 bits if no parity.",
      "properties": {
        "_id": {
          "type": "string",
          "description": "This is a technical attribute that identifies the instance. It must be unique at the system boundary."
        },
        "name": {
          "type": "string",
          "enum": [
            "ModbusSerial.NbStopBits"
          ],
          "description": "This name brings the semantic for the Element.\nEach name brings a specific and unique semantic.\nEach name is unique classwise.\nTwo instances with the same name have the same semantic.\n"
        },
        "value": {
          "type": "number",
          "description": "Value of the element"
        },
        "mode": {
          "type": "string",
          "enum": [
            "Rw"
          ],
          "description": "Mode of the value Ro=ReadOnly Rw=ReadWrite"
        },
        "locked": {
          "type": "boolean",
          "description": "True if the value can't be modified"
        },
        "enum": {
          "type": "array",
          "items": {
            "type": "number",
            "enum": [
              1,
              2
            ]
          },
          "description": "Collection of all possible values for the \"value\" attribute"
        }
      }
    }
  }
}