{
  "$schema": "http://json-schema.org/draft-07/schema#",
  "$id": "iot.alarms_events.concept/0.3.1/class/iot.alm.ActiveState/schema.json",
  "title": "iot.alm.ActiveState",
  "type": "object",
  "additionalProperties": false,
  "description": "TODO",
  "properties": {
    "_id": {
      "type": "string",
      "description": "This is a technical attribute that identifies the instance. It must be unique at the system boundary."
    },
    "name": {
      "type": "string",
      "enum": [
        "Alarm.ActiveState"
      ],
      "description": "This name brings the semantic for the Element.\nEach name brings a specific and unique semantic.\nEach name is unique classwise.\nTwo instances with the same name have the same semantic.\n"
    },
    "value": {
      "type": "string",
      "enum": [
        "Active",
        "Inactive"
      ],
      "description": "Value of the element"
    },
    "mode": {
      "type": "string",
      "enum": [
        "Ro"
      ],
      "description": "Mode of the value Ro=ReadOnly Rw=ReadWrite"
    }
  }
}