{
  "$schema": "http://json-schema.org/draft-07/schema#",
  "$id": "iot.firmware.concept/0.2.1/class/iot.firmware.StartStopServiceParameters/schema.json",
  "title": "iot.firmware.StartStopServiceParameters",
  "type": "object",
  "additionalProperties": false,
  "description": "Parameters for Start/Stop Firmware Service",
  "properties": {
    "_id": {
      "type": "string",
      "description": "This is a technical attribute that identifies the instance. It must be unique at the system boundary."
    },
    "action": {
      "type": "string",
      "enum": [
        "Start",
        "Stop"
      ],
      "description": "Action to be performed by the Start/Stop Firmware Service: either Start or Stop.\n"
    }
  }
}