{
  "$schema": "http://json-schema.org/draft-07/schema#",
  "$id": "iot.electrical_measurement.concept/0.2.0/class/iot.measurement.electrical.Function/schema.json",
  "title": "iot.measurement.electrical.Function",
  "type": "object",
  "additionalProperties": false,
  "description": "Function devoted to IoT Electrical Measurement. Points to all supported electrical measurements.",
  "properties": {
    "_id": {
      "type": "string",
      "description": "This is a technical attribute that identifies the instance. It must be unique at the system boundary."
    },
    "name": {
      "type": "string",
      "enum": [
        "ElectricalMeasurement.Function"
      ],
      "description": "The name of a function is restricted to following rule: it must end with \".Function\".\nThis allows to easily discriminate functions from the other classes.\n"
    }
  }
}