{
  "$schema": "http://json-schema.org/draft-07/schema#",
  "$id": "iot.io_block.concept/0.10.0/class/iot.io_equipment.AddBuiltInIoDeviceParametersInfo/schema.json",
  "title": "iot.io_equipment.AddBuiltInIoDeviceParametersInfo",
  "type": "object",
  "additionalProperties": false,
  "description": "Information about the Add Built In Io Device Service parameters",
  "properties": {
    "_id": {
      "type": "string",
      "description": "This is a technical attribute that identifies the instance. It must be unique at the system boundary."
    },
    "modeling_package_id": {
      "type": "object",
      "additionalProperties": false,
      "description": "Describes the list of parameters available for the Add Built In Io Device Service.",
      "properties": {
        "_id": {
          "type": "string",
          "description": "This is a technical attribute that identifies the instance. It must be unique at the system boundary."
        },
        "enum": {
          "type": "array",
          "items": {
            "type": "string"
          }
        }
      }
    }
  }
}