{
  "$schema": "http://json-schema.org/draft-07/schema#",
  "$id": "iot.io_block.concept/0.10.0/class/iot.io_block.AnalogOutputPinElements/schema.json",
  "title": "iot.io_block.AnalogOutputPinElements",
  "type": "object",
  "additionalProperties": false,
  "description": "IO Block Pin elements.",
  "properties": {
    "_id": {
      "type": "string",
      "description": "This is a technical attribute that identifies the instance. It must be unique at the system boundary."
    },
    "pin_name": {
      "type": "object",
      "additionalProperties": false,
      "description": "Name of the pin",
      "properties": {
        "_id": {
          "type": "string",
          "description": "This is a technical attribute that identifies the instance. It must be unique at the system boundary."
        },
        "name": {
          "type": "string",
          "enum": [
            "IoBlock.PinName"
          ],
          "description": "This name brings the semantic for the Element.\nEach name brings a specific and unique semantic.\nEach name is unique classwise.\nTwo instances with the same name have the same semantic.\n"
        },
        "value": {
          "type": "string",
          "description": "Value of the element"
        },
        "mode": {
          "type": "string",
          "enum": [
            "Ro"
          ],
          "description": "Mode of the value Ro=ReadOnly Rw=ReadWrite"
        }
      }
    },
    "pin_type": {
      "type": "object",
      "additionalProperties": false,
      "description": "Type of the pin : DigitalInput, DigitalOutput, AnalogInput, AnalogOutput.\n",
      "properties": {
        "_id": {
          "type": "string",
          "description": "This is a technical attribute that identifies the instance. It must be unique at the system boundary."
        },
        "name": {
          "type": "string",
          "enum": [
            "IoBlock.PinType"
          ],
          "description": "This name brings the semantic for the Element.\nEach name brings a specific and unique semantic.\nEach name is unique classwise.\nTwo instances with the same name have the same semantic.\n"
        },
        "value": {
          "type": "string",
          "enum": [
            "DigitalInput",
            "DigitalOutput",
            "AnalogInput",
            "AnalogOutput"
          ],
          "description": "Value of the element"
        },
        "mode": {
          "type": "string",
          "enum": [
            "Ro"
          ],
          "description": "Mode of the value Ro=ReadOnly Rw=ReadWrite"
        }
      }
    }
  }
}