{
  "$schema": "http://json-schema.org/draft-07/schema#",
  "$id": "iot.electrical.characteristics.concept/0.1.1/class/iot.electrical.characteristics.RatedCurrent/schema.json",
  "title": "iot.electrical.characteristics.RatedCurrent",
  "type": "object",
  "additionalProperties": false,
  "description": "Indicates the rated current of the device.",
  "properties": {
    "_id": {
      "type": "string",
      "description": "This is a technical attribute that identifies the instance. It must be unique at the system boundary."
    },
    "name": {
      "type": "string",
      "enum": [
        "ElectricalCharacteristics.RatedCurrent"
      ],
      "description": "This name brings the semantic for the Element.\nEach name brings a specific and unique semantic.\nEach name is unique classwise.\nTwo instances with the same name have the same semantic.\n"
    },
    "value": {
      "type": "number",
      "minimum": 0,
      "maximum": 8000,
      "description": "Value of the element"
    },
    "mode": {
      "type": "string",
      "enum": [
        "Ro"
      ],
      "description": "Mode of the value Ro=ReadOnly Rw=ReadWrite"
    },
    "unit": {
      "type": "string",
      "enum": [
        "A"
      ]
    }
  }
}