{
  "$schema": "http://json-schema.org/draft-07/schema#",
  "$id": "iot.io_block.concept/0.10.0/class/iot.io_equipment.AddBuiltInIoDeviceService/schema.json",
  "title": "iot.io_equipment.AddBuiltInIoDeviceService",
  "type": "object",
  "additionalProperties": false,
  "description": "Service to add a built-in IO device. \nA built-in IO device is a pre-configured device based on a Schneider device.\nOnce this service has been called the new device should be connected to the device carrying the IO block function with the has_child relation. \nBefore connecting a pin, it is advised to fully configure the device settings (pin settings, identification, pulse or status settings, etc).\n",
  "properties": {
    "_id": {
      "type": "string",
      "description": "This is a technical attribute that identifies the instance. It must be unique at the system boundary."
    },
    "name": {
      "type": "string",
      "enum": [
        "IoEquipment.AddBuiltInIoDevice.Service"
      ]
    },
    "parameters": {
      "type": "object",
      "additionalProperties": false,
      "description": "Contains parameters of service to add a built-in IO device",
      "properties": {
        "_id": {
          "type": "string",
          "description": "This is a technical attribute that identifies the instance. It must be unique at the system boundary."
        },
        "modeling_package_id": {
          "type": "string",
          "description": "Identifier of the modeling package of the device"
        }
      }
    },
    "parameters_info": {
      "type": "object",
      "additionalProperties": false,
      "description": "Information about the Add Built In Io Device Service parameters",
      "properties": {
        "_id": {
          "type": "string",
          "description": "This is a technical attribute that identifies the instance. It must be unique at the system boundary."
        },
        "modeling_package_id": {
          "type": "object",
          "additionalProperties": false,
          "description": "Describes the list of parameters available for the Add Built In Io Device Service.",
          "properties": {
            "_id": {
              "type": "string",
              "description": "This is a technical attribute that identifies the instance. It must be unique at the system boundary."
            },
            "enum": {
              "type": "array",
              "items": {
                "type": "string"
              }
            }
          }
        }
      }
    },
    "exception": {
      "type": "object",
      "additionalProperties": false,
      "description": "Exception raised in case of failure \n",
      "properties": {
        "_id": {
          "type": "string",
          "description": "This is a technical attribute that identifies the instance. It must be unique at the system boundary."
        },
        "topic": {
          "type": "string",
          "description": "Topic for the exception. This could be either a standard or a custom topic.\nUsing standard topics eases the integration with remote applications.\nThis class can be specialized in order to bring additional content that can help to diagnose the problem.\n"
        }
      }
    },
    "return": {
      "type": "object",
      "additionalProperties": false,
      "description": "The service return the FORUM identifier of the component node of the new created device.",
      "properties": {
        "_id": {
          "type": "string",
          "description": "This is a technical attribute that identifies the instance. It must be unique at the system boundary."
        },
        "forum_device_id": {
          "type": "string",
          "description": "Identifier of the created device"
        }
      }
    }
  }
}