{
  "$schema": "http://json-schema.org/draft-07/schema#",
  "$id": "iot.alarms_events.concept/0.3.1/class/iot.evt.IsEnabledByDefault/schema.json",
  "title": "iot.evt.IsEnabledByDefault",
  "type": "object",
  "additionalProperties": false,
  "description": "Indicates if the event is enabled by defaut when device is runing with factory settings.@fixme does this makes sense with default value of activation mode ",
  "properties": {
    "_id": {
      "type": "string",
      "description": "This is a technical attribute that identifies the instance. It must be unique at the system boundary."
    },
    "name": {
      "type": "string",
      "enum": [
        "Event.IsEnabledByDefault"
      ],
      "description": "This name brings the semantic for the Element.\nEach name brings a specific and unique semantic.\nEach name is unique classwise.\nTwo instances with the same name have the same semantic.\n"
    },
    "value": {
      "type": "boolean",
      "description": "Value of the element"
    },
    "mode": {
      "type": "string",
      "enum": [
        "Rw"
      ],
      "description": "Mode of the value Ro=ReadOnly Rw=ReadWrite"
    },
    "locked": {
      "type": "boolean",
      "description": "True if the value can't be modified"
    }
  }
}