{
  "$schema": "http://json-schema.org/draft-07/schema#",
  "$id": "iot.data_sampling.concept/0.3.0/class/iot.data_sampling.CreateGroupServiceParameters/schema.json",
  "title": "iot.data_sampling.CreateGroupServiceParameters",
  "type": "object",
  "additionalProperties": false,
  "description": "Parameters of Create Group Sampling Service",
  "properties": {
    "_id": {
      "type": "string",
      "description": "This is a technical attribute that identifies the instance. It must be unique at the system boundary."
    },
    "name": {
      "type": "string",
      "description": "Name of the group\n"
    },
    "period": {
      "type": "number",
      "enum": [
        1,
        2,
        3,
        5,
        6,
        10,
        12,
        15,
        20,
        30,
        60
      ],
      "description": "Sampling period of the group\n"
    }
  }
}