{
  "$schema": "http://json-schema.org/draft-07/schema#",
  "$id": "iot.io_block.concept/0.10.0/class/iot.io_equipment.RemoveDeviceServiceParameters/schema.json",
  "title": "iot.io_equipment.RemoveDeviceServiceParameters",
  "type": "object",
  "additionalProperties": false,
  "description": "Contains parameters of service to remove a device",
  "properties": {
    "_id": {
      "type": "string",
      "description": "This is a technical attribute that identifies the instance. It must be unique at the system boundary."
    },
    "forum_device_id": {
      "type": "string",
      "description": "FORUM identifier of the component node of the device to be removed."
    }
  }
}