{
  "$schema": "http://json-schema.org/draft-07/schema#",
  "$id": "iot.firmware.concept/0.2.1/class/iot.firmware.Variant/schema.json",
  "title": "iot.firmware.Variant",
  "type": "object",
  "additionalProperties": false,
  "description": "Identifier for custom firmware.\nVariant is a optional attribute to identify a firmware as a custom firmware.\nIt is only used to distinguish a specific version of a firmware for a client from the main version of the firmware.\n",
  "properties": {
    "_id": {
      "type": "string",
      "description": "This is a technical attribute that identifies the instance. It must be unique at the system boundary."
    },
    "name": {
      "type": "string",
      "enum": [
        "Firmware.Variant"
      ],
      "description": "This name brings the semantic for the Element.\nEach name brings a specific and unique semantic.\nEach name is unique classwise.\nTwo instances with the same name have the same semantic.\n"
    },
    "value": {
      "type": "string",
      "description": "Value of the element"
    },
    "mode": {
      "type": "string",
      "enum": [
        "Ro"
      ],
      "description": "Mode of the value Ro=ReadOnly Rw=ReadWrite"
    }
  }
}